期号,源号码,目标号码,预测类型,前区1,前区2,前区3,前区4,前区5,后区1,后区2
2025055,"3,12,16,21,29","8,10,25,29,30",top1,11,12,20,22,29,6,7
2025055,"3,12,16,21,29","8,10,25,29,30",top2,2,4,12,15,16,1,12
2025055,"3,12,16,21,29","8,10,25,29,30",top3,9,10,12,23,27,5,6
2025055,"3,12,16,21,29","8,10,25,29,30",top4,1,3,21,22,26,2,7
2025055,"3,12,16,21,29","8,10,25,29,30",top5,4,11,13,14,29,2,9
2025055,"3,12,16,21,29","8,10,25,29,30",补漏6,3,9,12,19,29,1,8
2025056,"8,10,25,29,30","12,15,28,29,32",top1,9,11,25,26,29,2,7
2025056,"8,10,25,29,30","12,15,28,29,32",top2,8,10,22,23,26,2,9
2025056,"8,10,25,29,30","12,15,28,29,32",top3,5,12,15,33,34,1,8
2025056,"8,10,25,29,30","12,15,28,29,32",top4,3,4,14,20,34,1,12
2025056,"8,10,25,29,30","12,15,28,29,32",top5,9,24,27,29,30,6,7
2025056,"8,10,25,29,30","12,15,28,29,32",补漏6,4,10,14,24,34,2,11
2025057,"12,15,28,29,32","9,10,11,12,29",top1,12,14,15,28,31,1,8
2025057,"12,15,28,29,32","9,10,11,12,29",top2,2,9,11,19,20,2,7
2025057,"12,15,28,29,32","9,10,11,12,29",top3,3,8,13,29,30,1,12
2025057,"12,15,28,29,32","9,10,11,12,29",top4,4,5,11,14,34,2,11
2025057,"12,15,28,29,32","9,10,11,12,29",top5,11,13,28,29,32,6,7
2025057,"12,15,28,29,32","9,10,11,12,29",补漏6,2,4,12,22,32,1,10
2025058,"9,10,11,12,29","6,11,15,21,23",top1,10,11,15,28,34,1,8
2025058,"9,10,11,12,29","6,11,15,21,23",top2,2,3,9,13,20,3,8
2025058,"9,10,11,12,29","6,11,15,21,23",top3,4,10,12,29,30,2,11
2025058,"9,10,11,12,29","6,11,15,21,23",top4,3,5,6,17,35,6,7
2025058,"9,10,11,12,29","6,11,15,21,23",top5,1,4,5,18,22,2,9
2025058,"9,10,11,12,29","6,11,15,21,23",补漏6,3,11,12,13,23,2,8
2025059,"6,11,15,21,23","3,9,10,11,26",top1,2,12,14,15,22,1,8
2025059,"6,11,15,21,23","3,9,10,11,26",top2,1,3,10,19,20,1,10
2025059,"6,11,15,21,23","3,9,10,11,26",top3,11,21,28,33,34,1,12
2025059,"6,11,15,21,23","3,9,10,11,26",top4,3,5,6,16,35,4,7
2025059,"6,11,15,21,23","3,9,10,11,26",top5,9,20,22,23,29,6,7
2025059,"6,11,15,21,23","3,9,10,11,26",补漏6,3,13,17,23,33,2,7
2025060,"3,9,10,11,26","12,14,19,33,34",top1,2,9,11,25,26,6,7
2025060,"3,9,10,11,26","12,14,19,33,34",top2,12,15,20,21,33,2,7
2025060,"3,9,10,11,26","12,14,19,33,34",top3,1,3,16,20,21,1,8
2025060,"3,9,10,11,26","12,14,19,33,34",top4,6,10,20,21,34,1,12
2025060,"3,9,10,11,26","12,14,19,33,34",top5,8,9,19,22,29,5,7
2025060,"3,9,10,11,26","12,14,19,33,34",补漏6,10,11,20,30,34,2,9
2025061,"12,14,19,33,34","2,11,16,23,28",top1,11,13,14,32,35,2,7
2025061,"12,14,19,33,34","2,11,16,23,28",top2,3,4,12,29,31,1,8
2025061,"12,14,19,33,34","2,11,16,23,28",top3,10,12,20,21,33,1,12
2025061,"12,14,19,33,34","2,11,16,23,28",top4,1,2,15,17,20,4,7
2025061,"12,14,19,33,34","2,11,16,23,28",top5,12,14,18,33,34,6,7
2025061,"12,14,19,33,34","2,11,16,23,28",补漏6,3,13,19,23,33,2,8
2025062,"2,11,16,23,28","14,20,27,28,29",top1,1,2,12,15,28,6,7
2025062,"2,11,16,23,28","14,20,27,28,29",top2,5,10,11,29,34,4,7
2025062,"2,11,16,23,28","14,20,27,28,29",top3,2,3,12,14,31,1,8
2025062,"2,11,16,23,28","14,20,27,28,29",top4,2,4,10,20,21,5,8
2025062,"2,11,16,23,28","14,20,27,28,29",top5,3,6,7,30,32,1,12
2025062,"2,11,16,23,28","14,20,27,28,29",补漏6,1,2,11,21,31,1,10
2025063,"14,20,27,28,29","5,18,26,29,32",top1,11,13,19,28,29,5,8
2025063,"14,20,27,28,29","5,18,26,29,32",top2,1,5,30,31,33,5,6
2025063,"14,20,27,28,29","5,18,26,29,32",top3,2,3,10,21,29,4,5
2025063,"14,20,27,28,29","5,18,26,29,32",top4,2,12,14,15,23,1,10
2025063,"14,20,27,28,29","5,18,26,29,32",top5,6,9,15,29,34,5,9
2025063,"14,20,27,28,29","5,18,26,29,32",补漏6,4,14,24,29,34,6,7
2025064,"5,18,26,29,32","5,10,18,20,34",top1,6,17,18,26,29,6,7
2025064,"5,18,26,29,32","5,10,18,20,34",top2,1,4,30,31,33,5,6
2025064,"5,18,26,29,32","5,10,18,20,34",top3,2,3,13,15,29,1,10
2025064,"5,18,26,29,32","5,10,18,20,34",top4,10,12,22,28,29,4,7
2025064,"5,18,26,29,32","5,10,18,20,34",top5,2,8,9,18,20,5,8
2025064,"5,18,26,29,32","5,10,18,20,34",补漏6,2,12,18,22,32,6,8
2025065,"5,10,18,20,34","7,25,32,33,35",top1,4,15,21,33,34,6,7
2025065,"5,10,18,20,34","7,25,32,33,35",top2,9,12,21,28,29,4,7
2025065,"5,10,18,20,34","7,25,32,33,35",top3,1,3,10,19,20,2,7
2025065,"5,10,18,20,34","7,25,32,33,35",top4,2,4,12,13,16,3,10
2025065,"5,10,18,20,34","7,25,32,33,35",top5,11,17,18,20,34,5,7
2025065,"5,10,18,20,34","7,25,32,33,35",补漏6,3,10,13,20,30,1,10
2025066,"7,25,32,33,35","15,18,27,28,34",top1,6,7,24,33,35,5,8
2025066,"7,25,32,33,35","15,18,27,28,34",top2,12,15,28,30,31,1,8
2025066,"7,25,32,33,35","15,18,27,28,34",top3,11,14,15,29,34,3,8
2025066,"7,25,32,33,35","15,18,27,28,34",top4,1,13,29,31,32,4,7
2025066,"7,25,32,33,35","15,18,27,28,34",top5,8,9,11,25,29,1,12
2025066,"7,25,32,33,35","15,18,27,28,34",补漏6,4,10,20,30,32,4,8
2025067,"15,18,27,28,34","6,10,12,21,22",top1,10,15,16,28,33,4,7
2025067,"15,18,27,28,34","6,10,12,21,22",top2,4,11,12,14,30,4,9
2025067,"15,18,27,28,34","6,10,12,21,22",top3,11,13,28,29,32,2,9
2025067,"15,18,27,28,34","6,10,12,21,22",top4,15,17,18,27,34,4,5
2025067,"15,18,27,28,34","6,10,12,21,22",top5,1,9,12,13,19,6,7
2025067,"15,18,27,28,34","6,10,12,21,22",补漏6,4,9,19,29,34,5,8
2025068,"6,10,12,21,22","1,4,17,20,22",top1,7,10,20,21,34,6,7
2025068,"6,10,12,21,22","1,4,17,20,22",top2,8,11,12,14,29,3,8
2025068,"6,10,12,21,22","1,4,17,20,22",top3,6,7,10,13,22,3,6
2025068,"6,10,12,21,22","1,4,17,20,22",top4,3,8,9,15,18,5,6
2025068,"6,10,12,21,22","1,4,17,20,22",top5,2,10,12,29,30,6,8
2025068,"6,10,12,21,22","1,4,17,20,22",补漏6,5,11,15,25,35,4,7
2025069,"1,4,17,20,22","4,6,7,33,34",top1,2,3,16,20,22,6,7
2025069,"1,4,17,20,22","4,6,7,33,34",top2,9,11,12,15,29,4,7
2025069,"1,4,17,20,22","4,6,7,33,34",top3,1,3,4,18,21,1,12
2025069,"1,4,17,20,22","4,6,7,33,34",top4,2,9,10,13,19,5,6
2025069,"1,4,17,20,22","4,6,7,33,34",top5,5,11,12,15,23,1,10
2025069,"1,4,17,20,22","4,6,7,33,34",补漏6,3,13,20,23,33,5,8
2025070,"4,6,7,33,34","8,9,15,20,22",top1,6,7,20,22,34,4,9
2025070,"4,6,7,33,34","8,9,15,20,22",top2,11,13,14,32,35,4,5
2025070,"4,6,7,33,34","8,9,15,20,22",top3,5,10,15,33,34,6,7
2025070,"4,6,7,33,34","8,9,15,20,22",top4,9,11,12,15,29,4,10
2025070,"4,6,7,33,34","8,9,15,20,22",top5,4,7,8,33,35,2,9
2025070,"4,6,7,33,34","8,9,15,20,22",补漏6,5,9,19,29,33,1,8
2025071,"8,9,15,20,22","1,8,25,31,33",top1,9,10,15,21,29,4,9
2025071,"8,9,15,20,22","1,8,25,31,33",top2,13,14,16,31,35,4,7
2025071,"8,9,15,20,22","1,8,25,31,33",top3,3,11,12,15,34,6,7
2025071,"8,9,15,20,22","1,8,25,31,33",top4,1,2,7,20,22,5,8
2025071,"8,9,15,20,22","1,8,25,31,33",top5,12,13,15,18,33,5,9
2025071,"8,9,15,20,22","1,8,25,31,33",补漏6,1,11,15,21,31,4,10
2025072,"1,8,25,31,33","4,7,15,24,29",top1,2,7,25,26,31,4,7
2025072,"1,8,25,31,33","4,7,15,24,29",top2,10,12,21,28,29,4,9
2025072,"1,8,25,31,33","4,7,15,24,29",top3,4,8,9,22,34,5,8
2025072,"1,8,25,31,33","4,7,15,24,29",top4,1,3,11,15,16,4,5
2025072,"1,8,25,31,33","4,7,15,24,29",top5,2,5,7,32,33,1,12
2025072,"1,8,25,31,33","4,7,15,24,29",补漏6,2,4,14,24,34,6,7
2025073,"4,7,15,24,29","1,4,17,33,34",top1,5,6,15,29,34,5,6
2025073,"4,7,15,24,29","1,4,17,33,34",top2,1,2,4,14,20,4,5
2025073,"4,7,15,24,29","1,4,17,33,34",top3,4,10,28,29,33,4,7
2025073,"4,7,15,24,29","1,4,17,33,34",top4,4,5,19,29,32,6,7
2025073,"4,7,15,24,29","1,4,17,33,34",top5,5,6,9,25,27,2,11
2025073,"4,7,15,24,29","1,4,17,33,34",补漏6,4,9,19,24,29,4,9
2025074,"1,4,17,33,34","2,11,15,18,21",top1,3,15,18,33,34,4,7
2025074,"1,4,17,33,34","2,11,15,18,21",top2,5,6,17,29,32,4,9
2025074,"1,4,17,33,34","2,11,15,18,21",top3,2,10,11,14,29,4,5
2025074,"1,4,17,33,34","2,11,15,18,21",top4,3,4,9,13,20,1,12
2025074,"1,4,17,33,34","2,11,15,18,21",top5,1,4,7,22,33,4,8
2025074,"1,4,17,33,34","2,11,15,18,21",补漏6,3,10,13,23,33,6,7
2025075,"2,11,15,18,21","8,12,16,19,35",top1,2,12,14,15,20,4,9
2025075,"2,11,15,18,21","8,12,16,19,35",top2,6,7,24,33,35,3,8
2025075,"2,11,15,18,21","8,12,16,19,35",top3,5,10,11,14,29,3,10
2025075,"2,11,15,18,21","8,12,16,19,35",top4,8,15,21,33,34,5,8
2025075,"2,11,15,18,21","8,12,16,19,35",top5,1,4,5,18,20,5,9
2025075,"2,11,15,18,21","8,12,16,19,35",补漏6,5,10,15,20,30,6,7
2025076,"8,12,16,19,35","11,18,22,25,29",top1,9,12,13,16,35,5,8
2025076,"8,12,16,19,35","11,18,22,25,29",top2,8,11,21,33,34,5,6
2025076,"8,12,16,19,35","11,18,22,25,29",top3,2,11,18,28,29,4,5
2025076,"8,12,16,19,35","11,18,22,25,29",top4,4,10,12,19,20,5,9
2025076,"8,12,16,19,35","11,18,22,25,29",top5,6,24,32,33,35,6,7
2025076,"8,12,16,19,35","11,18,22,25,29",补漏6,4,14,19,24,34,5,7
2025077,"11,18,22,25,29","12,14,16,19,28",top1,10,18,19,25,29,6,7
2025077,"11,18,22,25,29","12,14,16,19,28",top2,1,2,12,15,33,4,9
2025077,"11,18,22,25,29","12,14,16,19,28",top3,5,11,18,28,29,5,6
2025077,"11,18,22,25,29","12,14,16,19,28",top4,6,7,10,13,22,4,7
2025077,"11,18,22,25,29","12,14,16,19,28",top5,7,10,11,21,34,5,8
2025077,"11,18,22,25,29","12,14,16,19,28",补漏6,2,11,12,22,32,5,9
2025078,"12,14,16,19,28","7,10,15,21,24",top1,12,13,18,29,34,4,7
2025078,"12,14,16,19,28","7,10,15,21,24",top2,2,3,16,20,22,4,9
2025078,"12,14,16,19,28","7,10,15,21,24",top3,5,7,10,27,28,4,5
2025078,"12,14,16,19,28","7,10,15,21,24",top4,1,8,11,19,20,1,12
2025078,"12,14,16,19,28","7,10,15,21,24",top5,2,4,17,21,22,4,8
2025078,"12,14,16,19,28","7,10,15,21,24",补漏6,5,8,18,19,28,6,7
2025079,"7,10,15,21,24","2,14,32,34,35",top1,1,7,21,22,24,4,7
2025079,"7,10,15,21,24","2,14,32,34,35",top2,3,4,6,32,35,4,9
2025079,"7,10,15,21,24","2,14,32,34,35",top3,10,11,15,20,34,6,7
2025079,"7,10,15,21,24","2,14,32,34,35",top4,5,7,29,33,34,4,5
2025079,"7,10,15,21,24","2,14,32,34,35",top5,1,8,9,21,23,1,12
2025079,"7,10,15,21,24","2,14,32,34,35",补漏6,2,12,15,22,32,5,8
2025080,"2,14,32,34,35","9,10,18,22,24",top1,10,11,15,22,29,5,8
2025080,"2,14,32,34,35","9,10,18,22,24",top2,3,4,6,32,35,6,7
2025080,"2,14,32,34,35","9,10,18,22,24",top3,6,8,9,21,24,5,6
2025080,"2,14,32,34,35","9,10,18,22,24",top4,6,7,10,18,34,4,5
2025080,"2,14,32,34,35","9,10,18,22,24",top5,4,5,8,33,35,5,7
2025080,"2,14,32,34,35","9,10,18,22,24",补漏6,2,12,15,22,32,5,9
2025081,"9,10,18,22,24","1,4,6,15,18",top1,10,11,15,20,29,5,6
2025081,"9,10,18,22,24","1,4,6,15,18",top2,1,2,24,26,31,4,5
2025081,"9,10,18,22,24","1,4,6,15,18",top3,8,9,13,19,22,2,11
2025081,"9,10,18,22,24","1,4,6,15,18",top4,4,15,22,33,34,6,7
2025081,"9,10,18,22,24","1,4,6,15,18",top5,7,8,10,14,35,4,7
2025081,"9,10,18,22,24","1,4,6,15,18",补漏6,2,12,15,22,32,3,8
2025082,"1,4,6,15,18","2,3,4,12,26",top1,10,11,15,22,29,3,8
2025082,"1,4,6,15,18","2,3,4,12,26",top2,1,7,8,24,31,1,12
2025082,"1,4,6,15,18","2,3,4,12,26",top3,4,6,7,20,33,3,7
2025082,"1,4,6,15,18","2,3,4,12,26",top4,2,3,5,13,18,3,6
2025082,"1,4,6,15,18","2,3,4,12,26",top5,5,6,9,25,28,6,7
2025082,"1,4,6,15,18","2,3,4,12,26",补漏6,2,12,15,22,32,2,7
2025083,"2,3,4,12,26","12,17,18,20,34",top1,6,7,10,18,24,2,9
2025083,"2,3,4,12,26","12,17,18,20,34",top2,2,12,15,33,34,2,7
2025083,"2,3,4,12,26","12,17,18,20,34",top3,3,6,11,28,29,3,10
2025083,"2,3,4,12,26","12,17,18,20,34",top4,1,7,8,21,24,3,8
2025083,"2,3,4,12,26","12,17,18,20,34",top5,9,11,19,22,23,5,8
2025083,"2,3,4,12,26","12,17,18,20,34",补漏6,2,12,15,22,32,6,7
2025084,"12,17,18,20,34","9,11,13,18,29",top1,6,7,11,21,24,5,8
2025084,"12,17,18,20,34","9,11,13,18,29",top2,2,3,15,29,34,1,8
2025084,"12,17,18,20,34","9,11,13,18,29",top3,3,4,16,18,34,1,12
2025084,"12,17,18,20,34","9,11,13,18,29",top4,3,12,14,15,21,6,7
2025084,"12,17,18,20,34","9,11,13,18,29",top5,2,7,10,22,23,4,7
2025084,"12,17,18,20,34","9,11,13,18,29",补漏6,2,12,15,22,32,2,7
2025085,"9,11,13,18,29","2,5,9,14,33",top1,4,9,10,18,34,5,8
2025085,"9,11,13,18,29","2,5,9,14,33",top2,8,11,12,15,35,2,9
2025085,"9,11,13,18,29","2,5,9,14,33",top3,1,10,21,23,24,2,7
2025085,"9,11,13,18,29","2,5,9,14,33",top4,11,12,15,22,29,5,6
2025085,"9,11,13,18,29","2,5,9,14,33",top5,2,12,14,15,21,4,5
2025085,"9,11,13,18,29","2,5,9,14,33",补漏6,2,12,15,22,32,4,7
2025086,"2,5,9,14,33","2,6,23,24,33",top1,1,7,8,21,24,4,7
2025086,"2,5,9,14,33","2,6,23,24,33",top2,9,10,12,15,29,4,9
2025086,"2,5,9,14,33","2,6,23,24,33",top3,10,18,19,25,29,4,5
2025086,"2,5,9,14,33","2,6,23,24,33",top4,8,12,13,15,35,4,8
2025086,"2,5,9,14,33","2,6,23,24,33",top5,10,11,20,22,29,5,8
2025086,"2,5,9,14,33","2,6,23,24,33",补漏6,2,12,15,22,32,6,7
2025087,"2,6,23,24,33","5,13,14,16,20",top1,10,11,20,22,34,4,9
2025087,"2,6,23,24,33","5,13,14,16,20",top2,11,12,15,18,29,2,9
2025087,"2,6,23,24,33","5,13,14,16,20",top3,1,8,9,21,23,4,5
2025087,"2,6,23,24,33","5,13,14,16,20",top4,3,5,12,13,19,6,7
2025087,"2,6,23,24,33","5,13,14,16,20",top5,2,12,13,16,18,4,10
2025087,"2,6,23,24,33","5,13,14,16,20",补漏6,2,12,15,22,32,1,8
2025088,"5,13,14,16,20","8,9,10,11,35",top1,8,9,11,21,24,1,8
2025088,"5,13,14,16,20","8,9,10,11,35",top2,2,7,10,22,23,3,10
2025088,"5,13,14,16,20","8,9,10,11,35",top3,11,12,15,20,29,1,10
2025088,"5,13,14,16,20","8,9,10,11,35",top4,11,13,16,17,28,1,12
2025088,"5,13,14,16,20","8,9,10,11,35",top5,3,5,12,13,18,4,7
2025088,"5,13,14,16,20","8,9,10,11,35",补漏6,2,12,15,22,32,6,7
2025089,"8,9,10,11,35","2,11,12,32,34",top1,6,7,9,21,24,5,8
2025089,"8,9,10,11,35","2,11,12,32,34",top2,8,10,11,15,22,3,8
2025089,"8,9,10,11,35","2,11,12,32,34",top3,5,13,14,20,33,6,7
2025089,"8,9,10,11,35","2,11,12,32,34",top4,11,12,20,22,34,4,8
2025089,"8,9,10,11,35","2,11,12,32,34",top5,1,9,10,21,23,6,8
2025089,"8,9,10,11,35","2,11,12,32,34",补漏6,2,12,15,22,32,4,7
2025090,"2,11,12,32,34","6,14,19,22,27",top1,6,10,11,14,24,5,8
2025090,"2,11,12,32,34","6,14,19,22,27",top2,2,8,9,15,18,5,6
2025090,"2,11,12,32,34","6,14,19,22,27",top3,1,7,8,21,23,4,5
2025090,"2,11,12,32,34","6,14,19,22,27",top4,10,11,15,22,29,2,11
2025090,"2,11,12,32,34","6,14,19,22,27",top5,7,8,14,16,35,6,7
2025090,"2,11,12,32,34","6,14,19,22,27",补漏6,2,12,15,22,32,4,7
2025091,"6,14,19,22,27","1,19,22,25,27",top1,10,11,15,22,29,3,10
2025091,"6,14,19,22,27","1,19,22,25,27",top2,1,7,21,23,24,4,7
2025091,"6,14,19,22,27","1,19,22,25,27",top3,7,8,16,19,35,6,7
2025091,"6,14,19,22,27","1,19,22,25,27",top4,3,9,12,13,18,3,6
2025091,"6,14,19,22,27","1,19,22,25,27",top5,8,10,11,14,33,4,9
2025091,"6,14,19,22,27","1,19,22,25,27",补漏6,2,12,15,22,32,1,8
2025092,"1,19,22,25,27","4,10,17,25,32",top1,6,7,11,21,24,4,7
2025092,"1,19,22,25,27","4,10,17,25,32",top2,8,10,11,22,34,4,9
2025092,"1,19,22,25,27","4,10,17,25,32",top3,2,3,9,15,19,1,8
2025092,"1,19,22,25,27","4,10,17,25,32",top4,6,7,14,18,24,4,5
2025092,"1,19,22,25,27","4,10,17,25,32",top5,1,8,9,21,23,1,12
2025092,"1,19,22,25,27","4,10,17,25,32",补漏6,2,12,15,22,32,6,7
2025093,"4,10,17,25,32","1,7,9,16,30",top1,2,10,21,22,24,3,10
2025093,"4,10,17,25,32","1,7,9,16,30",top2,5,6,11,14,27,4,7
2025093,"4,10,17,25,32","1,7,9,16,30",top3,1,8,9,21,23,6,7
2025093,"4,10,17,25,32","1,7,9,16,30",top4,10,11,15,20,29,5,8
2025093,"4,10,17,25,32","1,7,9,16,30",top5,9,12,13,16,23,3,7
2025093,"4,10,17,25,32","1,7,9,16,30",补漏6,2,12,15,22,32,2,7
2025094,"1,7,9,16,30","4,9,17,30,33",top1,8,10,11,22,34,6,7
2025094,"1,7,9,16,30","4,9,17,30,33",top2,6,7,9,14,24,5,8
2025094,"1,7,9,16,30","4,9,17,30,33",top3,3,4,10,15,24,4,7
2025094,"1,7,9,16,30","4,9,17,30,33",top4,1,8,9,21,23,2,7
2025094,"1,7,9,16,30","4,9,17,30,33",top5,2,8,15,18,19,5,7
2025094,"1,7,9,16,30","4,9,17,30,33",补漏6,2,12,15,22,32,5,6
2025095,"4,9,17,30,33","7,13,14,19,27",top1,2,8,10,21,22,5,8
2025095,"4,9,17,30,33","7,13,14,19,27",top2,11,12,15,22,29,2,9
2025095,"4,9,17,30,33","7,13,14,19,27",top3,6,7,14,21,24,2,7
2025095,"4,9,17,30,33","7,13,14,19,27",top4,4,9,10,18,34,5,9
2025095,"4,9,17,30,33","7,13,14,19,27",top5,1,8,21,23,24,5,7
2025095,"4,9,17,30,33","7,13,14,19,27",补漏6,2,12,15,22,32,5,6
2025096,"7,13,14,19,27","2,11,17,22,24",top1,10,11,22,29,34,5,8
2025096,"7,13,14,19,27","2,11,17,22,24",top2,3,8,9,15,18,5,9
2025096,"7,13,14,19,27","2,11,17,22,24",top3,6,7,14,21,24,5,6
2025096,"7,13,14,19,27","2,11,17,22,24",top4,4,9,19,22,25,4,5
2025096,"7,13,14,19,27","2,11,17,22,24",top5,1,9,21,23,24,6,7
2025096,"7,13,14,19,27","2,11,17,22,24",补漏6,2,12,15,22,32,5,7
2025097,"2,11,17,22,24","5,24,25,32,34",top1,7,8,10,14,24,6,7
2025097,"2,11,17,22,24","5,24,25,32,34",top2,9,11,12,18,33,5,6
2025097,"2,11,17,22,24","5,24,25,32,34",top3,10,11,15,22,34,6,8
2025097,"2,11,17,22,24","5,24,25,32,34",top4,6,8,9,21,24,4,7
2025097,"2,11,17,22,24","5,24,25,32,34",top5,8,9,13,16,23,6,9
2025097,"2,11,17,22,24","5,24,25,32,34",补漏6,2,12,15,22,32,2,7
2025098,"5,24,25,32,34","1,7,9,10,23",top1,10,11,15,20,29,6,7
2025098,"5,24,25,32,34","1,7,9,10,23",top2,6,7,14,21,24,2,9
2025098,"5,24,25,32,34","1,7,9,10,23",top3,2,8,10,22,23,4,9
2025098,"5,24,25,32,34","1,7,9,10,23",top4,9,11,12,18,33,5,9
2025098,"5,24,25,32,34","1,7,9,10,23",top5,5,11,13,14,20,5,8
2025098,"5,24,25,32,34","1,7,9,10,23",补漏6,2,12,15,22,32,3,7
2025099,"1,7,9,10,23","6,12,20,26,31",top1,6,8,9,21,24,1,12
2025099,"1,7,9,10,23","6,12,20,26,31",top2,10,11,20,22,34,1,10
2025099,"1,7,9,10,23","6,12,20,26,31",top3,5,9,13,14,33,6,7
2025099,"1,7,9,10,23","6,12,20,26,31",top4,2,9,15,18,19,3,9
2025099,"1,7,9,10,23","6,12,20,26,31",top5,8,10,11,15,29,1,11
2025099,"1,7,9,10,23","6,12,20,26,31",补漏6,2,12,15,22,32,1,9
2025100,"6,12,20,26,31","26,28,32,34,35",top1,10,11,15,22,29,1,12
2025100,"6,12,20,26,31","26,28,32,34,35",top2,6,7,9,21,24,4,7
2025100,"6,12,20,26,31","26,28,32,34,35",top3,8,10,11,14,33,6,7
2025100,"6,12,20,26,31","26,28,32,34,35",top4,2,7,9,22,23,2,7
2025100,"6,12,20,26,31","26,28,32,34,35",top5,10,11,22,29,34,2,9
2025100,"6,12,20,26,31","26,28,32,34,35",补漏6,2,12,15,22,32,4,9
2025101,"26,28,32,34,35","5,7,19,26,32",top1,6,7,9,21,24,4,7
2025101,"26,28,32,34,35","5,7,19,26,32",top2,8,10,11,15,29,2,7
2025101,"26,28,32,34,35","5,7,19,26,32",top3,2,8,10,22,23,2,9
2025101,"26,28,32,34,35","5,7,19,26,32",top4,3,5,8,18,19,4,9
2025101,"26,28,32,34,35","5,7,19,26,32",top5,8,10,11,14,33,4,5
2025101,"26,28,32,34,35","5,7,19,26,32",补漏6,2,12,15,22,32,6,7
2025102,"5,7,19,26,32","9,10,13,26,28",top1,8,10,11,14,24,6,7
2025102,"5,7,19,26,32","9,10,13,26,28",top2,9,12,16,22,23,2,7
2025102,"5,7,19,26,32","9,10,13,26,28",top3,3,8,15,18,19,2,9
2025102,"5,7,19,26,32","9,10,13,26,28",top4,6,10,11,22,34,2,8
2025102,"5,7,19,26,32","9,10,13,26,28",top5,1,9,21,22,24,4,9
2025102,"5,7,19,26,32","9,10,13,26,28",补漏6,2,12,15,22,32,4,8
2025103,"9,10,13,26,28","5,8,19,32,34",top1,2,8,9,22,24,2,9
2025103,"9,10,13,26,28","5,8,19,32,34",top2,8,10,11,15,29,4,9
2025103,"9,10,13,26,28","5,8,19,32,34",top3,1,7,21,23,24,4,7
2025103,"9,10,13,26,28","5,8,19,32,34",top4,6,9,10,26,32,4,8
2025103,"9,10,13,26,28","5,8,19,32,34",top5,4,10,11,19,22,6,7
2025103,"9,10,13,26,28","5,8,19,32,34",补漏6,2,12,15,22,32,2,7
2025104,"5,8,19,32,34","2,6,9,22,34",top1,10,11,15,22,34,4,7
2025104,"5,8,19,32,34","2,6,9,22,34",top2,1,8,9,21,24,4,9
2025104,"5,8,19,32,34","2,6,9,22,34",top3,6,7,10,26,28,2,7
2025104,"5,8,19,32,34","2,6,9,22,34",top4,2,7,10,22,23,4,5
2025104,"5,8,19,32,34","2,6,9,22,34",top5,7,8,10,14,21,4,8
2025104,"5,8,19,32,34","2,6,9,22,34",补漏6,2,12,15,22,32,5,8
2025105,"2,6,9,22,34","15,16,26,28,34",top1,7,8,19,26,28,4,5
2025105,"2,6,9,22,34","15,16,26,28,34",top2,10,11,15,20,34,5,6
2025105,"2,6,9,22,34","15,16,26,28,34",top3,2,7,9,21,22,4,8
2025105,"2,6,9,22,34","15,16,26,28,34",top4,6,7,10,14,24,6,7
2025105,"2,6,9,22,34","15,16,26,28,34",top5,8,9,13,16,23,5,7
2025105,"2,6,9,22,34","15,16,26,28,34",补漏6,2,12,15,22,32,5,9
2025106,"15,16,26,28,34","5,6,11,26,29",top1,6,7,9,21,24,6,7
2025106,"15,16,26,28,34","5,6,11,26,29",top2,8,11,12,15,22,2,8
2025106,"15,16,26,28,34","5,6,11,26,29",top3,10,11,20,22,34,1,10
2025106,"15,16,26,28,34","5,6,11,26,29",top4,2,3,8,15,18,2,10
2025106,"15,16,26,28,34","5,6,11,26,29",top5,10,11,15,20,29,2,12
2025106,"15,16,26,28,34","5,6,11,26,29",补漏6,2,12,15,22,32,4,5
2025107,"5,6,11,26,29","5,7,8,15,33",top1,10,11,15,20,29,3,10
2025107,"5,6,11,26,29","5,7,8,15,33",top2,1,8,21,23,24,5,8
2025107,"5,6,11,26,29","5,7,8,15,33",top3,6,7,9,28,34,1,12
2025107,"5,6,11,26,29","5,7,8,15,33",top4,8,9,13,19,22,6,7
2025107,"5,6,11,26,29","5,7,8,15,33",top5,2,3,8,15,18,4,7
2025107,"5,6,11,26,29","5,7,8,15,33",补漏6,2,12,15,22,32,4,10
2025108,"5,7,8,15,33","14,18,21,24,29",top1,6,7,10,14,24,5,8
2025108,"5,7,8,15,33","14,18,21,24,29",top2,11,12,15,22,29,5,6
2025108,"5,7,8,15,33","14,18,21,24,29",top3,5,8,9,26,34,4,5
2025108,"5,7,8,15,33","14,18,21,24,29",top4,1,7,8,21,23,5,9
2025108,"5,7,8,15,33","14,18,21,24,29",top5,3,8,9,15,18,6,7
2025108,"5,7,8,15,33","14,18,21,24,29",补漏6,2,12,15,22,32,5,7
2025109,"14,18,21,24,29","4,8,10,13,26",top1,7,8,11,15,26,6,7
2025109,"14,18,21,24,29","4,8,10,13,26",top2,1,10,21,22,24,3,6
2025109,"14,18,21,24,29","4,8,10,13,26",top3,2,9,12,13,18,4,7
2025109,"14,18,21,24,29","4,8,10,13,26",top4,10,11,15,20,29,5,6
2025109,"14,18,21,24,29","4,8,10,13,26",top5,4,5,7,17,30,6,8
2025109,"14,18,21,24,29","4,8,10,13,26",补漏6,2,12,15,22,32,5,8
2025110,"4,8,10,13,26","1,15,22,30,31",top1,6,7,9,15,26,6,7
2025110,"4,8,10,13,26","1,15,22,30,31",top2,8,10,11,22,34,3,6
2025110,"4,8,10,13,26","1,15,22,30,31",top3,1,7,8,21,24,5,6
2025110,"4,8,10,13,26","1,15,22,30,31",top4,8,9,13,16,23,2,9
2025110,"4,8,10,13,26","1,15,22,30,31",top5,8,10,11,15,29,4,9
2025110,"4,8,10,13,26","1,15,22,30,31",补漏6,2,12,15,22,32,6,9
2025111,"1,15,22,30,31","2,9,14,21,26",top1,10,11,15,20,29,2,9
2025111,"1,15,22,30,31","2,9,14,21,26",top2,2,8,9,22,24,6,7
2025111,"1,15,22,30,31","2,9,14,21,26",top3,1,10,21,23,24,5,9
2025111,"1,15,22,30,31","2,9,14,21,26",top4,6,7,11,21,24,3,9
2025111,"1,15,22,30,31","2,9,14,21,26",top5,3,8,15,18,19,2,7
2025111,"1,15,22,30,31","2,9,14,21,26",补漏6,2,12,15,22,32,1,8
2025112,"2,9,14,21,26","3,4,21,23,24",top1,10,11,20,22,29,2,7
2025112,"2,9,14,21,26","3,4,21,23,24",top2,6,8,9,21,24,2,9
2025112,"2,9,14,21,26","3,4,21,23,24",top3,5,7,8,15,26,3,8
2025112,"2,9,14,21,26","3,4,21,23,24",top4,1,2,7,24,32,1,8
2025112,"2,9,14,21,26","3,4,21,23,24",top5,8,9,16,19,23,2,11
2025112,"2,9,14,21,26","3,4,21,23,24",补漏6,2,12,15,22,32,6,7
2025113,"3,4,21,23,24","1,14,18,28,35",top1,2,8,10,21,22,2,9
2025113,"3,4,21,23,24","1,14,18,28,35",top2,6,8,9,21,24,2,7
2025113,"3,4,21,23,24","1,14,18,28,35",top3,10,11,15,22,29,1,12
2025113,"3,4,21,23,24","1,14,18,28,35",top4,1,7,8,21,23,6,7
2025113,"3,4,21,23,24","1,14,18,28,35",top5,5,9,10,26,32,2,11
2025113,"3,4,21,23,24","1,14,18,28,35",补漏6,2,12,15,22,32,1,8
2025114,"1,14,18,28,35","3,8,9,12,15",top1,10,11,20,22,34,2,9
2025114,"1,14,18,28,35","3,8,9,12,15",top2,6,8,9,21,24,1,12
2025114,"1,14,18,28,35","3,8,9,12,15",top3,2,3,8,15,18,6,7
2025114,"1,14,18,28,35","3,8,9,12,15",top4,6,7,10,28,32,3,10
2025114,"1,14,18,28,35","3,8,9,12,15",top5,10,11,15,20,29,2,7
2025114,"1,14,18,28,35","3,8,9,12,15",补漏6,2,12,15,22,32,3,9
2025115,"3,8,9,12,15","3,12,14,21,35",top1,10,11,20,22,34,5,8
2025115,"3,8,9,12,15","3,12,14,21,35",top2,6,7,9,14,24,6,7
2025115,"3,8,9,12,15","3,12,14,21,35",top3,1,7,8,21,23,3,6
2025115,"3,8,9,12,15","3,12,14,21,35",top4,3,9,15,18,19,3,7
2025115,"3,8,9,12,15","3,12,14,21,35",top5,2,6,7,32,34,1,8
2025115,"3,8,9,12,15","3,12,14,21,35",补漏6,2,12,15,22,32,2,8
2025116,"3,12,14,21,35","2,6,16,22,29",top1,10,11,20,22,34,5,8
2025116,"3,12,14,21,35","2,6,16,22,29",top2,3,9,14,15,21,1,8
2025116,"3,12,14,21,35","2,6,16,22,29",top3,1,8,9,21,24,5,6
2025116,"3,12,14,21,35","2,6,16,22,29",top4,6,7,9,19,32,1,12
2025116,"3,12,14,21,35","2,6,16,22,29",top5,9,12,16,22,23,4,5
2025116,"3,12,14,21,35","2,6,16,22,29",补漏6,2,12,15,22,32,5,7
2025117,"2,6,16,22,29","5,10,18,21,29",top1,6,10,11,15,29,1,8
2025117,"2,6,16,22,29","5,10,18,21,29",top2,2,8,9,22,24,5,6
2025117,"2,6,16,22,29","5,10,18,21,29",top3,3,4,9,14,21,1,12
2025117,"2,6,16,22,29","5,10,18,21,29",top4,1,7,21,23,24,4,5
2025117,"2,6,16,22,29","5,10,18,21,29",top5,10,11,20,22,34,6,7
2025117,"2,6,16,22,29","5,10,18,21,29",补漏6,2,12,15,22,32,1,10
2025118,"5,10,18,21,29","2,8,9,12,21",top1,2,8,10,21,22,5,8
2025118,"5,10,18,21,29","2,8,9,12,21",top2,6,8,9,26,34,6,7
2025118,"5,10,18,21,29","2,8,9,12,21",top3,3,8,9,15,18,1,12
2025118,"5,10,18,21,29","2,8,9,12,21",top4,7,8,10,14,24,6,8
2025118,"5,10,18,21,29","2,8,9,12,21",top5,8,11,13,22,23,4,7
2025118,"5,10,18,21,29","2,8,9,12,21",补漏6,2,12,15,22,32,2,7
2025119,"2,8,9,12,21","8,15,27,29,31",top1,10,11,15,20,29,6,7
2025119,"2,8,9,12,21","8,15,27,29,31",top2,6,8,9,21,24,4,7
2025119,"2,8,9,12,21","8,15,27,29,31",top3,2,7,10,22,23,2,7
2025119,"2,8,9,12,21","8,15,27,29,31",top4,7,8,11,15,26,5,6
2025119,"2,8,9,12,21","8,15,27,29,31",top5,11,12,22,29,34,3,6
2025119,"2,8,9,12,21","8,15,27,29,31",补漏6,2,12,15,22,32,5,7
2025120,"8,15,27,29,31","11,13,22,26,35",top1,10,11,15,20,29,4,7
2025120,"8,15,27,29,31","11,13,22,26,35",top2,6,8,9,15,34,4,5
2025120,"8,15,27,29,31","11,13,22,26,35",top3,1,7,21,22,24,5,6
2025120,"8,15,27,29,31","11,13,22,26,35",top4,2,7,10,22,23,5,7
2025120,"8,15,27,29,31","11,13,22,26,35",top5,6,7,11,15,26,6,7
2025120,"8,15,27,29,31","11,13,22,26,35",补漏6,2,12,15,22,32,4,8
2025121,"11,13,22,26,35","2,3,8,13,21",top1,10,11,20,22,34,6,7
2025121,"11,13,22,26,35","2,3,8,13,21",top2,5,7,8,15,26,2,7
2025121,"11,13,22,26,35","2,3,8,13,21",top3,9,10,12,21,29,1,8
2025121,"11,13,22,26,35","2,3,8,13,21",top4,6,7,11,21,24,1,12
2025121,"11,13,22,26,35","2,3,8,13,21",top5,8,9,13,16,23,3,7
2025121,"11,13,22,26,35","2,3,8,13,21",补漏6,2,12,15,22,32,5,7
2025122,"2,3,8,13,21","2,3,6,16,17",top1,6,9,21,22,29,1,8
2025122,"2,3,8,13,21","2,3,6,16,17",top2,7,8,10,15,26,2,7
2025122,"2,3,8,13,21","2,3,6,16,17",top3,1,10,21,23,24,2,9
2025122,"2,3,8,13,21","2,3,6,16,17",top4,10,11,15,20,34,4,7
2025122,"2,3,8,13,21","2,3,6,16,17",top5,11,12,15,22,29,6,7
2025122,"2,3,8,13,21","2,3,6,16,17",补漏6,2,12,15,22,32,2,8
2025123,"2,3,6,16,17","8,13,24,25,31",top1,10,11,20,22,34,6,7
2025123,"2,3,6,16,17","8,13,24,25,31",top2,8,9,14,24,26,4,7
2025123,"2,3,6,16,17","8,13,24,25,31",top3,11,12,15,22,29,2,7
2025123,"2,3,6,16,17","8,13,24,25,31",top4,1,9,21,23,24,1,12
2025123,"2,3,6,16,17","8,13,24,25,31",top5,2,3,8,15,18,5,7
2025123,"2,3,6,16,17","8,13,24,25,31",补漏6,2,12,15,22,32,5,8
2025124,"8,13,24,25,31","6,9,14,26,27",top1,10,11,15,22,29,4,7
2025124,"8,13,24,25,31","6,9,14,26,27",top2,8,9,14,21,26,5,8
2025124,"8,13,24,25,31","6,9,14,26,27",top3,6,7,11,21,24,4,9
2025124,"8,13,24,25,31","6,9,14,26,27",top4,3,5,9,18,19,4,5
2025124,"8,13,24,25,31","6,9,14,26,27",top5,10,11,15,22,34,5,6
2025124,"8,13,24,25,31","6,9,14,26,27",补漏6,2,12,15,22,32,5,9
2025125,"6,9,14,26,27","10,11,13,19,35",top1,10,11,15,20,29,4,9
2025125,"6,9,14,26,27","10,11,13,19,35",top2,3,8,15,16,31,4,5
2025125,"6,9,14,26,27","10,11,13,19,35",top3,1,10,21,23,24,4,8
2025125,"6,9,14,26,27","10,11,13,19,35",top4,10,11,15,22,34,6,7
2025125,"6,9,14,26,27","10,11,13,19,35",top5,6,7,10,14,24,4,10
2025125,"6,9,14,26,27","10,11,13,19,35",补漏6,2,12,15,22,32,2,9
2025126,"10,11,13,19,35","1,8,18,27,30",top1,10,11,15,22,29,5,8
2025126,"10,11,13,19,35","1,8,18,27,30",top2,8,9,13,16,26,4,9
2025126,"10,11,13,19,35","1,8,18,27,30",top3,3,9,14,15,21,3,8
2025126,"10,11,13,19,35","1,8,18,27,30",top4,2,9,10,22,24,2,9
2025126,"10,11,13,19,35","1,8,18,27,30",top5,1,7,10,21,22,4,8
2025126,"10,11,13,19,35","1,8,18,27,30",补漏6,2,12,15,22,32,4,7
2025127,"1,8,18,27,30","4,5,19,28,29",top1,11,12,15,22,29,4,7
2025127,"1,8,18,27,30","4,5,19,28,29",top2,6,9,10,21,24,4,9
2025127,"1,8,18,27,30","4,5,19,28,29",top3,3,4,8,14,21,6,7
2025127,"1,8,18,27,30","4,5,19,28,29",top4,1,8,21,23,24,5,8
2025127,"1,8,18,27,30","4,5,19,28,29",top5,10,11,15,20,34,4,5
2025127,"1,8,18,27,30","4,5,19,28,29",补漏6,2,12,15,22,32,2,7
2025128,"4,5,19,28,29","3,6,26,30,33",top1,6,8,9,14,24,6,7
2025128,"4,5,19,28,29","3,6,26,30,33",top2,10,11,15,22,34,6,8
2025128,"4,5,19,28,29","3,6,26,30,33",top3,1,2,5,18,21,5,6
2025128,"4,5,19,28,29","3,6,26,30,33",top4,8,9,13,16,23,5,8
2025128,"4,5,19,28,29","3,6,26,30,33",top5,11,12,20,22,29,5,7
2025128,"4,5,19,28,29","3,6,26,30,33",补漏6,2,12,15,22,32,6,9
2025129,"3,6,26,30,33","3,9,14,28,35",top1,10,11,20,22,34,6,7
2025129,"3,6,26,30,33","3,9,14,28,35",top2,6,8,9,21,29,6,8
2025129,"3,6,26,30,33","3,9,14,28,35",top3,3,8,15,18,19,5,6
2025129,"3,6,26,30,33","3,9,14,28,35",top4,7,8,11,14,24,2,8
2025129,"3,6,26,30,33","3,9,14,28,35",top5,2,7,10,22,23,2,9
2025129,"3,6,26,30,33","3,9,14,28,35",补漏6,2,12,15,22,32,3,10
2025130,"3,9,14,28,35","1,13,16,27,29",top1,10,11,15,22,29,1,12
2025130,"3,9,14,28,35","1,13,16,27,29",top2,6,7,14,21,24,4,7
2025130,"3,9,14,28,35","1,13,16,27,29",top3,8,9,13,16,23,6,7
2025130,"3,9,14,28,35","1,13,16,27,29",top4,4,5,8,26,30,2,7
2025130,"3,9,14,28,35","1,13,16,27,29",top5,3,8,12,18,19,2,9
2025130,"3,9,14,28,35","1,13,16,27,29",补漏6,2,12,15,22,32,4,9
2025131,"1,13,16,27,29","3,8,25,29,32",top1,6,10,11,15,29,2,7
2025131,"1,13,16,27,29","3,8,25,29,32",top2,1,9,21,22,24,2,9
2025131,"1,13,16,27,29","3,8,25,29,32",top3,8,9,13,16,23,4,9
2025131,"1,13,16,27,29","3,8,25,29,32",top4,4,5,8,28,30,2,11
2025131,"1,13,16,27,29","3,8,25,29,32",top5,7,9,14,15,24,4,5
2025131,"1,13,16,27,29","3,8,25,29,32",补漏6,2,12,15,22,32,6,7
2025132,"3,8,25,29,32","1,9,10,12,19",top1,10,11,15,22,29,2,9
2025132,"3,8,25,29,32","1,9,10,12,19",top2,1,7,8,21,24,2,7
2025132,"3,8,25,29,32","1,9,10,12,19",top3,9,12,16,22,23,2,11
2025132,"3,8,25,29,32","1,9,10,12,19",top4,2,3,8,13,21,6,7
2025132,"3,8,25,29,32","1,9,10,12,19",top5,7,9,10,14,21,4,9
2025132,"3,8,25,29,32","1,9,10,12,19",补漏6,2,12,15,22,32,1,8
2025133,"1,9,10,12,19","4,11,23,27,35",top1,6,7,11,21,24,4,9
2025133,"1,9,10,12,19","4,11,23,27,35",top2,10,11,15,22,29,6,7
2025133,"1,9,10,12,19","4,11,23,27,35",top3,3,8,9,13,21,5,8
2025133,"1,9,10,12,19","4,11,23,27,35",top4,1,7,21,23,24,1,12
2025133,"1,9,10,12,19","4,11,23,27,35",top5,2,8,10,21,22,4,7
2025133,"1,9,10,12,19","4,11,23,27,35",补漏6,2,12,15,22,32,6,9
2025134,"4,11,23,27,35","7,12,18,27,33",top1,10,11,20,22,29,6,7
2025134,"4,11,23,27,35","7,12,18,27,33",top2,2,3,8,15,21,4,7
2025134,"4,11,23,27,35","7,12,18,27,33",top3,6,7,14,21,24,2,7
2025134,"4,11,23,27,35","7,12,18,27,33",top4,8,11,15,16,31,5,6
2025134,"4,11,23,27,35","7,12,18,27,33",top5,1,8,9,21,24,6,8
2025134,"4,11,23,27,35","7,12,18,27,33",补漏6,2,12,15,22,32,8,1
2025135,"7,12,18,27,33","2,10,16,28,32",top1,8,10,11,15,29,6,7
2025135,"7,12,18,27,33","2,10,16,28,32",top2,1,7,21,22,24,2,9
2025135,"7,12,18,27,33","2,10,16,28,32",top3,8,9,14,16,26,4,9
2025135,"7,12,18,27,33","2,10,16,28,32",top4,6,11,12,20,34,1,8
2025135,"7,12,18,27,33","2,10,16,28,32",top5,2,7,9,22,23,4,5
2025135,"7,12,18,27,33","2,10,16,28,32",补漏6,2,12,15,22,32,4,8
2025136,"2,10,16,28,32","7,11,15,16,23",top1,10,11,15,22,34,4,7
2025136,"2,10,16,28,32","7,11,15,16,23",top2,8,9,13,16,26,6,7
2025136,"2,10,16,28,32","7,11,15,16,23",top3,1,8,21,23,24,2,7
2025136,"2,10,16,28,32","7,11,15,16,23",top4,6,10,11,22,29,1,8
2025136,"2,10,16,28,32","7,11,15,16,23",top5,2,3,8,14,16,4,10
2025136,"2,10,16,28,32","7,11,15,16,23",补漏6,2,12,15,22,32,3,9
2025137,"7,11,15,16,23","7,8,9,11,22",top1,2,7,10,22,23,6,7
2025137,"7,11,15,16,23","7,8,9,11,22",top2,8,10,11,15,34,1,12
2025137,"7,11,15,16,23","7,8,9,11,22",top3,6,7,14,21,24,2,9
2025137,"7,11,15,16,23","7,8,9,11,22",top4,6,8,9,13,27,4,9
2025137,"7,11,15,16,23","7,8,9,11,22",top5,6,10,11,22,29,2,11
2025137,"7,11,15,16,23","7,8,9,11,22",补漏6,2,12,15,22,32,4,5
2025138,"7,8,9,11,22","1,3,18,21,23",top1,6,7,9,21,24,4,9
2025138,"7,8,9,11,22","1,3,18,21,23",top2,10,11,15,22,29,5,8
2025138,"7,8,9,11,22","1,3,18,21,23",top3,8,9,13,16,23,5,9
2025138,"7,8,9,11,22","1,3,18,21,23",top4,2,9,15,18,19,2,11
2025138,"7,8,9,11,22","1,3,18,21,23",top5,10,11,15,20,34,6,7
2025138,"7,8,9,11,22","1,3,18,21,23",补漏6,2,12,15,22,32,4,7
2025139,"1,3,18,21,23","8,16,22,30,35",top1,10,11,15,20,29,5,6
2025139,"1,3,18,21,23","8,16,22,30,35",top2,2,8,21,22,24,4,5
2025139,"1,3,18,21,23","8,16,22,30,35",top3,6,7,9,14,24,2,11
2025139,"1,3,18,21,23","8,16,22,30,35",top4,9,10,13,19,27,4,7
2025139,"1,3,18,21,23","8,16,22,30,35",top5,10,11,20,22,34,6,7
2025139,"1,3,18,21,23","8,16,22,30,35",补漏6,2,12,15,22,32,5,9
2025140,"8,16,22,30,35","4,5,13,18,34",top1,2,9,10,22,24,6,7
2025140,"8,16,22,30,35","4,5,13,18,34",top2,7,8,11,16,23,4,7
2025140,"8,16,22,30,35","4,5,13,18,34",top3,4,5,8,19,30,2,11
2025140,"8,16,22,30,35","4,5,13,18,34",top4,6,7,9,21,24,4,9
2025140,"8,16,22,30,35","4,5,13,18,34",top5,11,12,20,22,34,1,8
2025140,"8,16,22,30,35","4,5,13,18,34",补漏6,2,12,15,22,32,1,12
2025141,"4,5,13,18,34","4,9,24,28,29",top1,2,8,9,22,24,1,8
2025141,"4,5,13,18,34","4,9,24,28,29",top2,6,10,11,15,29,4,5
2025141,"4,5,13,18,34","4,9,24,28,29",top3,1,7,21,23,24,1,12
2025141,"4,5,13,18,34","4,9,24,28,29",top4,3,4,8,19,28,4,8
2025141,"4,5,13,18,34","4,9,24,28,29",top5,10,11,20,22,34,6,7
2025141,"4,5,13,18,34","4,9,24,28,29",补漏6,2,12,15,22,32,2,7
2025142,"4,9,24,28,29","6,10,14,27,29",top1,10,11,15,22,29,2,9
2025142,"4,9,24,28,29","6,10,14,27,29",top2,1,7,21,23,24,2,7
2025142,"4,9,24,28,29","6,10,14,27,29",top3,6,8,9,13,29,2,11
2025142,"4,9,24,28,29","6,10,14,27,29",top4,4,7,8,18,22,6,7
2025142,"4,9,24,28,29","6,10,14,27,29",top5,7,9,14,15,24,4,8
2025142,"4,9,24,28,29","6,10,14,27,29",补漏6,2,12,15,22,32,2,8
2025143,"6,10,14,27,29","3,4,18,24,29",top1,10,11,20,22,34,2,7
2025143,"6,10,14,27,29","3,4,18,24,29",top2,6,8,9,21,24,2,9
2025143,"6,10,14,27,29","3,4,18,24,29",top3,2,9,15,18,19,2,11
2025143,"6,10,14,27,29","3,4,18,24,29",top4,1,9,21,23,24,6,7
2025143,"6,10,14,27,29","3,4,18,24,29",top5,7,8,10,14,24,2,8
2025143,"6,10,14,27,29","3,4,18,24,29",补漏6,2,12,15,22,32,1,8
2025144,"3,4,18,24,29","2,5,13,15,28",top1,10,11,15,20,29,1,8
2025144,"3,4,18,24,29","2,5,13,15,28",top2,6,8,9,21,24,2,7
2025144,"3,4,18,24,29","2,5,13,15,28",top3,2,7,9,22,23,2,9
2025144,"3,4,18,24,29","2,5,13,15,28",top4,3,5,9,18,19,4,7
2025144,"3,4,18,24,29","2,5,13,15,28",top5,7,9,10,14,21,6,7
2025144,"3,4,18,24,29","2,5,13,15,28",补漏6,2,12,15,22,32,2,8
2025145,"2,5,13,15,28","6,7,20,22,25",top1,10,11,15,22,29,6,7
2025145,"2,5,13,15,28","6,7,20,22,25",top2,6,8,9,21,24,4,7
2025145,"2,5,13,15,28","6,7,20,22,25",top3,1,8,21,23,24,5,8
2025145,"2,5,13,15,28","6,7,20,22,25",top4,5,9,10,18,24,5,7
2025145,"2,5,13,15,28","6,7,20,22,25",top5,6,7,10,14,24,1,12
2025145,"2,5,13,15,28","6,7,20,22,25",补漏6,2,12,15,22,32,4,9
2025146,"6,7,20,22,25","6,11,13,16,22",top1,10,11,15,22,29,5,8
2025146,"6,7,20,22,25","6,11,13,16,22",top2,5,6,18,24,29,3,8
2025146,"6,7,20,22,25","6,11,13,16,22",top3,8,9,13,16,23,4,5
2025146,"6,7,20,22,25","6,11,13,16,22",top4,7,8,11,14,21,5,6
2025146,"6,7,20,22,25","6,11,13,16,22",top5,8,10,11,22,34,4,7
2025146,"6,7,20,22,25","6,11,13,16,22",补漏6,2,12,15,22,32,5,7
2025147,"6,11,13,16,22","6,18,21,25,33",top1,10,11,15,22,34,4,5
2025147,"6,11,13,16,22","6,18,21,25,33",top2,6,8,9,21,24,5,6
2025147,"6,11,13,16,22","6,18,21,25,33",top3,4,6,7,24,28,6,7
2025147,"6,11,13,16,22","6,18,21,25,33",top4,8,9,13,16,23,2,7
2025147,"6,11,13,16,22","6,18,21,25,33",top5,10,11,15,20,29,2,9
2025147,"6,11,13,16,22","6,18,21,25,33",补漏6,2,12,15,22,32,3,8
2025148,"6,18,21,25,33","3,4,14,30,32",top1,10,11,20,22,29,2,7
2025148,"6,18,21,25,33","3,4,14,30,32",top2,6,7,14,21,24,6,7
2025148,"6,18,21,25,33","3,4,14,30,32",top3,3,8,9,15,18,4,7
2025148,"6,18,21,25,33","3,4,14,30,32",top4,10,11,16,23,27,5,8
2025148,"6,18,21,25,33","3,4,14,30,32",top5,3,4,10,13,22,2,8
2025148,"6,18,21,25,33","3,4,14,30,32",补漏6,2,12,15,22,32,6,8
2025149,"3,4,14,30,32","24,26,30,31,32",top1,2,10,21,22,24,6,7
2025149,"3,4,14,30,32","24,26,30,31,32",top2,8,9,16,19,23,1,8
2025149,"3,4,14,30,32","24,26,30,31,32",top3,11,12,15,22,34,4,8
2025149,"3,4,14,30,32","24,26,30,31,32",top4,2,3,7,22,25,6,8
2025149,"3,4,14,30,32","24,26,30,31,32",top5,10,11,15,22,29,3,7
2025149,"3,4,14,30,32","24,26,30,31,32",补漏6,2,12,15,22,32,2,8
2025150,"24,26,30,31,32","13,14,15,28,31",top1,10,11,20,22,34,5,8
2025150,"24,26,30,31,32","13,14,15,28,31",top2,1,8,21,23,24,3,8
2025150,"24,26,30,31,32","13,14,15,28,31",top3,10,11,15,22,29,1,12
2025150,"24,26,30,31,32","13,14,15,28,31",top4,6,9,10,14,24,6,7
2025150,"24,26,30,31,32","13,14,15,28,31",top5,4,5,7,22,25,4,8
2025150,"24,26,30,31,32","13,14,15,28,31",补漏6,2,12,15,22,32,6,8
2026001,"13,14,15,28,31","7,9,23,27,32",top1,10,11,15,22,34,5,8
2026001,"13,14,15,28,31","7,9,23,27,32",top2,6,8,9,21,24,5,6
2026001,"13,14,15,28,31","7,9,23,27,32",top3,1,7,8,16,23,1,12
2026001,"13,14,15,28,31","7,9,23,27,32",top4,11,12,15,22,29,4,5
2026001,"13,14,15,28,31","7,9,23,27,32",top5,4,6,7,22,32,5,7
2026001,"13,14,15,28,31","7,9,23,27,32",补漏6,2,12,15,22,32,5,9
2026002,"7,9,23,27,32","4,8,15,20,31",top1,10,11,20,22,34,5,8
2026002,"7,9,23,27,32","4,8,15,20,31",top2,6,8,9,21,24,1,8
2026002,"7,9,23,27,32","4,8,15,20,31",top3,8,10,11,15,29,5,6
2026002,"7,9,23,27,32","4,8,15,20,31",top4,3,7,8,18,23,1,12
2026002,"7,9,23,27,32","4,8,15,20,31",top5,10,11,15,22,34,4,5
2026002,"7,9,23,27,32","4,8,15,20,31",补漏6,2,12,15,22,32,6,7
2026003,"4,8,15,20,31","2,9,11,15,16",top1,8,10,11,15,29,5,8
2026003,"4,8,15,20,31","2,9,11,15,16",top2,6,7,9,21,24,2,7
2026003,"4,8,15,20,31","2,9,11,15,16",top3,2,7,9,22,23,6,8
2026003,"4,8,15,20,31","2,9,11,15,16",top4,6,7,9,14,31,6,7
2026003,"4,8,15,20,31","2,9,11,15,16",top5,10,11,20,22,34,4,7
2026003,"4,8,15,20,31","2,9,11,15,16",补漏6,2,12,15,22,32,4,8
2026004,"2,9,11,15,16","5,18,23,25,32",top1,8,9,15,30,32,6,7
2026004,"2,9,11,15,16","5,18,23,25,32",top2,2,10,21,22,24,4,7
2026004,"2,9,11,15,16","5,18,23,25,32",top3,6,10,11,15,29,2,7
2026004,"2,9,11,15,16","5,18,23,25,32",top4,1,8,21,23,24,4,8
2026004,"2,9,11,15,16","5,18,23,25,32",top5,4,9,10,18,24,5,7
2026004,"2,9,11,15,16","5,18,23,25,32",补漏6,2,12,15,22,32,2,8
2026005,"5,18,23,25,32","2,4,16,23,35",top1,9,11,15,31,32,4,7
2026005,"5,18,23,25,32","2,4,16,23,35",top2,8,10,11,22,34,4,9
2026005,"5,18,23,25,32","2,4,16,23,35",top3,6,7,14,21,24,2,9
2026005,"5,18,23,25,32","2,4,16,23,35",top4,4,18,24,28,29,4,5
2026005,"5,18,23,25,32","2,4,16,23,35",top5,8,9,12,19,23,5,8
2026005,"5,18,23,25,32","2,4,16,23,35",补漏6,2,12,15,22,32,4,8
2026006,"2,4,16,23,35","5,12,18,23,35",top1,8,9,15,23,32,5,8
2026006,"2,4,16,23,35","5,12,18,23,35",top2,10,11,20,22,34,4,9
2026006,"2,4,16,23,35","5,12,18,23,35",top3,4,6,7,24,28,2,9
2026006,"2,4,16,23,35","5,12,18,23,35",top4,3,13,24,28,29,5,9
2026006,"2,4,16,23,35","5,12,18,23,35",top5,1,8,9,21,24,5,6
2026006,"2,4,16,23,35","5,12,18,23,35",补漏6,2,12,15,22,32,4,5
2026007,"5,12,18,23,35","1,3,13,20,26",top1,1,8,9,21,24,6,7
2026007,"5,12,18,23,35","1,3,13,20,26",top2,10,11,15,22,29,5,6
2026007,"5,12,18,23,35","1,3,13,20,26",top3,4,6,7,24,28,6,8
2026007,"5,12,18,23,35","1,3,13,20,26",top4,5,9,15,16,23,5,8
2026007,"5,12,18,23,35","1,3,13,20,26",top5,8,10,11,15,34,6,9
2026007,"5,12,18,23,35","1,3,13,20,26",补漏6,2,12,15,22,32,6,11
2026008,"1,3,13,20,26","3,6,17,21,33",top1,8,9,15,18,35,6,7
2026008,"1,3,13,20,26","3,6,17,21,33",top2,6,10,11,22,29,1,12
2026008,"1,3,13,20,26","3,6,17,21,33",top3,1,7,8,21,24,5,6
2026008,"1,3,13,20,26","3,6,17,21,33",top4,2,7,10,22,23,3,6
2026008,"1,3,13,20,26","3,6,17,21,33",top5,10,11,20,22,34,4,7
2026008,"1,3,13,20,26","3,6,17,21,33",补漏6,2,12,15,22,32,5,8
2026009,"3,6,17,21,33","5,12,13,14,33",top1,6,10,11,15,29,3,10
2026009,"3,6,17,21,33","5,12,13,14,33",top2,1,8,9,21,24,5,8
2026009,"3,6,17,21,33","5,12,13,14,33",top3,4,5,16,23,35,6,7
2026009,"3,6,17,21,33","5,12,13,14,33",top4,4,6,7,22,25,4,7
2026009,"3,6,17,21,33","5,12,13,14,33",top5,11,12,20,22,34,4,10
2026009,"3,6,17,21,33","5,12,13,14,33",补漏6,2,12,15,22,32,4,9
2026010,"5,12,13,14,33","2,3,13,18,26",top1,2,7,9,22,23,5,8
2026010,"5,12,13,14,33","2,3,13,18,26",top2,8,10,11,22,34,5,7
2026010,"5,12,13,14,33","2,3,13,18,26",top3,6,7,22,25,32,5,6
2026010,"5,12,13,14,33","2,3,13,18,26",top4,7,8,14,21,24,4,5
2026010,"5,12,13,14,33","2,3,13,18,26",top5,5,6,18,23,35,5,9
2026010,"5,12,13,14,33","2,3,13,18,26",补漏6,2,12,15,22,32,4,7
2026011,"2,3,13,18,26","14,21,23,29,33",top1,6,9,10,14,24,5,8
2026011,"2,3,13,18,26","14,21,23,29,33",top2,2,8,10,22,23,1,8
2026011,"2,3,13,18,26","14,21,23,29,33",top3,10,11,15,20,29,3,8
2026011,"2,3,13,18,26","14,21,23,29,33",top4,1,10,21,23,24,5,6
2026011,"2,3,13,18,26","14,21,23,29,33",top5,3,12,13,23,33,4,5
2026011,"2,3,13,18,26","14,21,23,29,33",补漏6,2,12,15,22,32,5,9
2026012,"14,21,23,29,33","1,2,9,22,25",top1,1,7,10,21,22,2,9
2026012,"14,21,23,29,33","1,2,9,22,25",top2,3,8,9,15,18,2,7
2026012,"14,21,23,29,33","1,2,9,22,25",top3,4,6,13,14,31,2,11
2026012,"14,21,23,29,33","1,2,9,22,25",top4,10,11,22,29,34,6,7
2026012,"14,21,23,29,33","1,2,9,22,25",top5,1,9,21,23,24,5,9
2026012,"14,21,23,29,33","1,2,9,22,25",补漏6,2,12,15,22,32,3,10
2026013,"1,2,9,22,25","3,5,6,23,26",top1,2,8,10,22,23,2,7
2026013,"1,2,9,22,25","3,5,6,23,26",top2,6,10,11,15,29,6,7
2026013,"1,2,9,22,25","3,5,6,23,26",top3,7,9,14,30,31,4,7
2026013,"1,2,9,22,25","3,5,6,23,26",top4,1,10,21,22,24,1,8
2026013,"1,2,9,22,25","3,5,6,23,26",top5,3,13,14,21,33,2,8
2026013,"1,2,9,22,25","3,5,6,23,26",补漏6,2,12,15,22,32,3,8
2026014,"3,5,6,23,26","16,18,23,34,35",top1,6,10,11,22,34,6,7
2026014,"3,5,6,23,26","16,18,23,34,35",top2,8,9,15,21,24,1,8
2026014,"3,5,6,23,26","16,18,23,34,35",top3,2,7,8,15,31,1,12
2026014,"3,5,6,23,26","16,18,23,34,35",top4,3,9,13,14,21,5,6
2026014,"3,5,6,23,26","16,18,23,34,35",top5,1,10,21,23,24,4,7
2026014,"3,5,6,23,26","16,18,23,34,35",补漏6,2,12,15,22,32,3,6
2026015,"16,18,23,34,35","1,4,10,13,17",top1,2,8,10,22,23,4,7
2026015,"16,18,23,34,35","1,4,10,13,17",top2,6,7,9,14,24,1,8
2026015,"16,18,23,34,35","1,4,10,13,17",top3,8,11,12,15,34,4,9
2026015,"16,18,23,34,35","1,4,10,13,17",top4,5,6,13,23,33,4,5
2026015,"16,18,23,34,35","1,4,10,13,17",top5,1,7,8,21,24,1,12
2026015,"16,18,23,34,35","1,4,10,13,17",补漏6,2,12,15,22,32,6,7
2026016,"1,4,10,13,17","8,9,12,19,24",top1,10,11,20,22,34,6,7
2026016,"1,4,10,13,17","8,9,12,19,24",top2,8,9,15,23,31,1,12
2026016,"1,4,10,13,17","8,9,12,19,24",top3,6,7,11,21,24,5,6
2026016,"1,4,10,13,17","8,9,12,19,24",top4,10,11,15,22,29,3,6
2026016,"1,4,10,13,17","8,9,12,19,24",top5,3,8,15,18,19,4,7
2026016,"1,4,10,13,17","8,9,12,19,24",补漏6,2,12,15,22,32,3,10
2026017,"8,9,12,19,24","4,5,10,23,31",top1,2,7,8,22,24,3,8
2026017,"8,9,12,19,24","4,5,10,23,31",top2,10,11,15,22,34,6,7
2026017,"8,9,12,19,24","4,5,10,23,31",top3,6,9,10,13,23,4,7
2026017,"8,9,12,19,24","4,5,10,23,31",top4,5,9,15,16,35,3,6
2026017,"8,9,12,19,24","4,5,10,23,31",top5,6,7,14,21,24,2,7
2026017,"8,9,12,19,24","4,5,10,23,31",补漏6,2,12,15,22,32,1,8
2026018,"4,5,10,23,31","9,11,19,30,35",top1,6,10,11,22,29,6,7
2026018,"4,5,10,23,31","9,11,19,30,35",top2,4,5,9,18,23,1,8
2026018,"4,5,10,23,31","9,11,19,30,35",top3,7,8,14,21,24,1,12
2026018,"4,5,10,23,31","9,11,19,30,35",top4,2,8,9,15,19,5,6
2026018,"4,5,10,23,31","9,11,19,30,35",top5,1,8,21,23,24,4,7
2026018,"4,5,10,23,31","9,11,19,30,35",补漏6,2,12,15,22,32,1,10
2026019,"9,11,19,30,35","12,13,14,16,31",top1,2,8,9,22,24,6,7
2026019,"9,11,19,30,35","12,13,14,16,31",top2,10,11,15,22,34,2,7
2026019,"9,11,19,30,35","12,13,14,16,31",top3,3,4,6,23,35,1,12
2026019,"9,11,19,30,35","12,13,14,16,31",top4,7,9,10,14,21,3,7
2026019,"9,11,19,30,35","12,13,14,16,31",top5,10,11,20,22,29,1,8
2026019,"9,11,19,30,35","12,13,14,16,31",补漏6,2,12,15,22,32,3,10
2026020,"12,13,14,16,31","1,10,21,23,29",top1,2,7,9,21,22,1,8
2026020,"12,13,14,16,31","1,10,21,23,29",top2,8,10,11,15,29,1,12
2026020,"12,13,14,16,31","1,10,21,23,29",top3,3,4,6,23,35,4,7
2026020,"12,13,14,16,31","1,10,21,23,29",top4,1,8,9,21,24,6,7
2026020,"12,13,14,16,31","1,10,21,23,29",top5,4,12,13,23,33,5,8
2026020,"12,13,14,16,31","1,10,21,23,29",补漏6,2,12,15,22,32,4,9
2026021,"1,10,21,23,29","5,8,12,14,17",top1,10,11,15,22,29,4,5
2026021,"1,10,21,23,29","5,8,12,14,17",top2,1,7,21,23,24,1,12
2026021,"1,10,21,23,29","5,8,12,14,17",top3,5,8,9,13,31,6,7
2026021,"1,10,21,23,29","5,8,12,14,17",top4,6,7,10,14,24,4,10
2026021,"1,10,21,23,29","5,8,12,14,17",top5,10,11,15,22,34,1,10
2026021,"1,10,21,23,29","5,8,12,14,17",补漏6,2,12,15,22,32,2,12
2026022,"5,8,12,14,17","5,9,10,18,26",top1,10,11,15,22,29,3,10
2026022,"5,8,12,14,17","5,9,10,18,26",top2,6,13,14,21,26,1,12
2026022,"5,8,12,14,17","5,9,10,18,26",top3,8,9,19,23,31,4,7
2026022,"5,8,12,14,17","5,9,10,18,26",top4,1,10,21,22,24,5,8
2026022,"5,8,12,14,17","5,9,10,18,26",top5,5,6,12,18,26,6,7
2026022,"5,8,12,14,17","5,9,10,18,26",补漏6,2,12,15,22,32,4,9
2026023,"5,9,10,18,26","9,25,26,27,28",top1,8,10,11,20,29,4,7
2026023,"5,9,10,18,26","9,25,26,27,28",top2,6,9,13,14,21,5,8
2026023,"5,9,10,18,26","9,25,26,27,28",top3,10,11,15,22,34,4,9
2026023,"5,9,10,18,26","9,25,26,27,28",top4,2,7,10,22,23,5,6
2026023,"5,9,10,18,26","9,25,26,27,28",top5,1,10,21,22,24,6,7
2026023,"5,9,10,18,26","9,25,26,27,28",补漏6,2,12,15,22,32,4,5
2026024,"9,25,26,27,28","2,4,8,10,21",top1,6,7,9,14,24,6,7
2026024,"9,25,26,27,28","2,4,8,10,21",top2,8,10,22,29,34,5,6
2026024,"9,25,26,27,28","2,4,8,10,21",top3,5,13,14,23,33,4,5
2026024,"9,25,26,27,28","2,4,8,10,21",top4,1,7,8,21,24,6,8
2026024,"9,25,26,27,28","2,4,8,10,21",top5,2,8,15,18,19,5,7
2026024,"9,25,26,27,28","2,4,8,10,21",补漏6,2,12,15,22,32,5,9
2026025,"2,4,8,10,21","3,15,24,28,29",top1,8,10,15,22,34,1,8
2026025,"2,4,8,10,21","3,15,24,28,29",top2,6,8,9,21,24,3,8
2026025,"2,4,8,10,21","3,15,24,28,29",top3,3,13,14,23,26,1,10
2026025,"2,4,8,10,21","3,15,24,28,29",top4,10,11,20,22,29,1,12
2026025,"2,4,8,10,21","3,15,24,28,29",top5,5,8,15,18,19,6,7
2026025,"2,4,8,10,21","3,15,24,28,29",补漏6,2,12,15,22,32,2,9
2026026,"3,15,24,28,29","10,11,22,26,32",top1,10,11,20,22,34,1,12
2026026,"3,15,24,28,29","10,11,22,26,32",top2,5,6,9,23,26,4,7
2026026,"3,15,24,28,29","10,11,22,26,32",top3,3,8,15,18,19,6,7
2026026,"3,15,24,28,29","10,11,22,26,32",top4,1,7,21,22,24,5,8
2026026,"3,15,24,28,29","10,11,22,26,32",top5,11,12,20,22,29,5,9
2026026,"3,15,24,28,29","10,11,22,26,32",补漏6,2,12,15,22,32,2,7
2026027,"10,11,22,26,32","9,10,11,12,16",top1,1,7,8,21,24,6,7
2026027,"10,11,22,26,32","9,10,11,12,16",top2,6,9,10,13,23,4,7
2026027,"10,11,22,26,32","9,10,11,12,16",top3,8,11,12,15,22,2,7
2026027,"10,11,22,26,32","9,10,11,12,16",top4,3,9,10,26,28,3,10
2026027,"10,11,22,26,32","9,10,11,12,16",top5,10,11,15,20,34,3,8
2026027,"10,11,22,26,32","9,10,11,12,16",补漏6,2,12,15,22,32,3,7
2026028,"9,10,11,12,16","15,27,29,30,34",top1,8,10,11,15,29,1,8
2026028,"9,10,11,12,16","15,27,29,30,34",top2,2,10,21,22,24,1,12
2026028,"9,10,11,12,16","15,27,29,30,34",top3,8,9,16,19,23,1,10
2026028,"9,10,11,12,16","15,27,29,30,34",top4,4,8,9,26,28,6,7
2026028,"9,10,11,12,16","15,27,29,30,34",top5,1,7,10,21,22,2,8
2026028,"9,10,11,12,16","15,27,29,30,34",补漏6,2,12,15,22,32,2,7
2026029,"15,27,29,30,34","3,5,17,33,35",top1,8,10,11,15,29,1,8
2026029,"15,27,29,30,34","3,5,17,33,35",top2,1,9,21,23,24,1,10
2026029,"15,27,29,30,34","3,5,17,33,35",top3,11,12,20,22,34,2,11
2026029,"15,27,29,30,34","3,5,17,33,35",top4,3,9,10,26,28,1,12
2026029,"15,27,29,30,34","3,5,17,33,35",top5,5,9,10,19,23,6,7
2026029,"15,27,29,30,34","3,5,17,33,35",补漏6,2,12,15,22,32,2,9
2026030,"3,5,17,33,35","2,13,22,28,34",top1,8,10,11,15,29,1,10
2026030,"3,5,17,33,35","2,13,22,28,34",top2,1,9,21,22,24,1,12
2026030,"3,5,17,33,35","2,13,22,28,34",top3,8,9,19,23,35,4,7
2026030,"3,5,17,33,35","2,13,22,28,34",top4,6,10,11,22,34,6,7
2026030,"3,5,17,33,35","2,13,22,28,34",top5,5,8,13,18,19,5,8
2026030,"3,5,17,33,35","2,13,22,28,34",补漏6,2,12,15,22,32,2,7
2026031,"2,13,22,28,34","6,8,22,29,34",top1,9,11,15,16,29,6,7
2026031,"2,13,22,28,34","6,8,22,29,34",top2,1,10,21,22,24,5,8
2026031,"2,13,22,28,34","6,8,22,29,34",top3,3,8,15,18,19,2,7
2026031,"2,13,22,28,34","6,8,22,29,34",top4,6,10,11,22,34,5,9
2026031,"2,13,22,28,34","6,8,22,29,34",top5,7,8,11,14,21,5,7
2026031,"2,13,22,28,34","6,8,22,29,34",补漏6,2,12,15,22,32,5,6
2026032,"6,8,22,29,34","3,4,19,26,32",top1,10,11,20,22,34,5,8
2026032,"6,8,22,29,34","3,4,19,26,32",top2,5,9,10,14,23,5,7
2026032,"6,8,22,29,34","3,4,19,26,32",top3,1,8,21,22,24,5,6
2026032,"6,8,22,29,34","3,4,19,26,32",top4,11,12,15,22,29,1,12
2026032,"6,8,22,29,34","3,4,19,26,32",top5,2,3,8,13,19,4,5
2026032,"6,8,22,29,34","3,4,19,26,32",补漏6,2,12,15,22,32,4,7
2026033,"3,4,19,26,32","3,5,7,9,18",top1,6,7,11,21,24,6,7
2026033,"3,4,19,26,32","3,5,7,9,18",top2,10,11,15,22,29,2,7
2026033,"3,4,19,26,32","3,5,7,9,18",top3,1,8,9,13,16,5,7
2026033,"3,4,19,26,32","3,5,7,9,18",top4,4,8,9,14,31,5,6
2026033,"3,4,19,26,32","3,5,7,9,18",top5,3,9,15,18,19,4,5
2026033,"3,4,19,26,32","3,5,7,9,18",补漏6,2,12,15,22,32,1,8
2026034,"3,5,7,9,18","11,12,25,26,27",top1,10,11,20,22,34,1,12
2026034,"3,5,7,9,18","11,12,25,26,27",top2,2,8,9,15,18,1,10
2026034,"3,5,7,9,18","11,12,25,26,27",top3,1,10,21,23,24,6,7
2026034,"3,5,7,9,18","11,12,25,26,27",top4,5,9,10,16,26,2,9
2026034,"3,5,7,9,18","11,12,25,26,27",top5,8,10,11,15,29,3,10
2026034,"3,5,7,9,18","11,12,25,26,27",补漏6,2,12,15,22,32,2,7
2026035,"11,12,25,26,27","2,22,30,33,34",top1,10,11,15,22,34,2,7
2026035,"11,12,25,26,27","2,22,30,33,34",top2,8,9,12,21,26,2,11
2026035,"11,12,25,26,27","2,22,30,33,34",top3,6,9,10,14,24,6,7
2026035,"11,12,25,26,27","2,22,30,33,34",top4,5,9,13,18,19,1,10
2026035,"11,12,25,26,27","2,22,30,33,34",top5,2,7,9,22,23,1,8
2026035,"11,12,25,26,27","2,22,30,33,34",补漏6,2,12,15,22,32,2,8
2026036,"2,22,30,33,34","4,7,16,26,32",top1,6,7,10,14,24,1,8
2026036,"2,22,30,33,34","4,7,16,26,32",top2,11,12,15,22,29,4,8
2026036,"2,22,30,33,34","4,7,16,26,32",top3,1,8,9,21,23,6,8
2026036,"2,22,30,33,34","4,7,16,26,32",top4,5,9,10,21,26,6,7
2026036,"2,22,30,33,34","4,7,16,26,32",top5,8,10,11,22,34,2,8
2026036,"2,22,30,33,34","4,7,16,26,32",补漏6,2,12,15,22,32,1,12
2026037,"4,7,16,26,32","7,12,13,28,32",top1,6,7,22,26,34,5,8
2026037,"4,7,16,26,32","7,12,13,28,32",top2,8,10,11,15,29,3,8
2026037,"4,7,16,26,32","7,12,13,28,32",top3,6,7,9,21,24,1,12
2026037,"4,7,16,26,32","7,12,13,28,32",top4,2,7,9,22,23,4,8
2026037,"4,7,16,26,32","7,12,13,28,32",top5,3,8,15,18,19,6,8
2026037,"4,7,16,26,32","7,12,13,28,32",补漏6,2,12,15,22,32,4,7
2026038,"7,12,13,28,32","8,17,21,33,35",top1,10,11,15,20,29,5,8
2026038,"7,12,13,28,32","8,17,21,33,35",top2,1,9,21,22,24,6,8
2026038,"7,12,13,28,32","8,17,21,33,35",top3,2,3,7,26,32,6,7
2026038,"7,12,13,28,32","8,17,21,33,35",top4,8,9,12,19,23,5,6
2026038,"7,12,13,28,32","8,17,21,33,35",top5,6,10,11,22,34,4,5
2026038,"7,12,13,28,32","8,17,21,33,35",补漏6,2,12,15,22,32,5,7
2026039,"8,17,21,33,35","9,11,20,26,27",top1,11,12,15,22,29,6,7
2026039,"8,17,21,33,35","9,11,20,26,27",top2,7,8,10,14,24,5,8
2026039,"8,17,21,33,35","9,11,20,26,27",top3,4,5,7,26,32,6,8
2026039,"8,17,21,33,35","9,11,20,26,27",top4,8,9,13,16,23,5,6
2026039,"8,17,21,33,35","9,11,20,26,27",top5,1,7,21,22,24,4,7
2026039,"8,17,21,33,35","9,11,20,26,27",补漏6,2,12,15,22,32,6,9
2026040,"9,11,20,26,27","6,12,13,21,34",top1,10,11,20,22,34,6,7
2026040,"9,11,20,26,27","6,12,13,21,34",top2,6,8,9,21,24,4,7
2026040,"9,11,20,26,27","6,12,13,21,34",top3,3,9,15,16,29,6,8
2026040,"9,11,20,26,27","6,12,13,21,34",top4,2,7,11,32,33,5,6
2026040,"9,11,20,26,27","6,12,13,21,34",top5,7,8,11,14,21,5,8
2026040,"9,11,20,26,27","6,12,13,21,34",补漏6,2,12,15,22,32,5,7
2026041,"6,12,13,21,34","24,25,27,29,34",top1,8,10,11,15,29,6,7
2026041,"6,12,13,21,34","24,25,27,29,34",top2,6,8,9,21,24,2,9
2026041,"6,12,13,21,34","24,25,27,29,34",top3,2,7,12,32,33,4,9
2026041,"6,12,13,21,34","24,25,27,29,34",top4,10,11,20,22,34,5,6
2026041,"6,12,13,21,34","24,25,27,29,34",top5,5,8,13,18,19,6,8
2026041,"6,12,13,21,34","24,25,27,29,34",补漏6,2,12,15,22,32,6,9
2026042,"24,25,27,29,34","2,7,13,19,24",top1,8,9,13,21,32,2,9
2026042,"24,25,27,29,34","2,7,13,19,24",top2,11,12,15,22,29,6,8
2026042,"24,25,27,29,34","2,7,13,19,24",top3,6,9,10,22,34,6,7
2026042,"24,25,27,29,34","2,7,13,19,24",top4,1,8,21,23,24,4,7
2026042,"24,25,27,29,34","2,7,13,19,24",top5,2,3,9,15,18,4,8
2026042,"24,25,27,29,34","2,7,13,19,24",补漏6,2,12,15,22,32,5,9
2026043,"2,7,13,19,24","8,12,14,19,22",top1,8,9,21,27,34,6,7
2026043,"2,7,13,19,24","8,12,14,19,22",top2,6,10,11,22,34,2,7
2026043,"2,7,13,19,24","8,12,14,19,22",top3,1,8,21,23,24,2,9
2026043,"2,7,13,19,24","8,12,14,19,22",top4,8,10,11,15,29,3,6
2026043,"2,7,13,19,24","8,12,14,19,22",top5,2,8,13,18,19,5,6
2026043,"2,7,13,19,24","8,12,14,19,22",补漏6,2,12,15,22,32,4,7
2026044,"8,12,14,19,22","3,8,22,26,29",top1,10,11,22,29,34,3,8
2026044,"8,12,14,19,22","3,8,22,26,29",top2,6,7,9,21,24,3,10
2026044,"8,12,14,19,22","3,8,22,26,29",top3,3,8,9,15,18,6,7
2026044,"8,12,14,19,22","3,8,22,26,29",top4,5,9,12,13,19,2,8
2026044,"8,12,14,19,22","3,8,22,26,29",top5,1,10,21,23,24,2,9
2026044,"8,12,14,19,22","3,8,22,26,29",补漏6,2,12,15,22,32,1,12
2026045,"3,8,22,26,29","1,15,21,26,33",top1,10,11,20,22,34,1,12
2026045,"3,8,22,26,29","1,15,21,26,33",top2,1,8,9,21,24,6,7
2026045,"3,8,22,26,29","1,15,21,26,33",top3,5,7,8,22,26,4,7
2026045,"3,8,22,26,29","1,15,21,26,33",top4,2,3,8,15,18,5,8
2026045,"3,8,22,26,29","1,15,21,26,33",top5,8,9,13,16,23,2,7
2026045,"3,8,22,26,29","1,15,21,26,33",补漏6,2,12,15,22,32,6,11
2026046,"1,15,21,26,33","1,13,18,27,33",top1,8,12,13,24,34,4,7
2026046,"1,15,21,26,33","1,13,18,27,33",top2,6,9,10,21,24,6,7
2026046,"1,15,21,26,33","1,13,18,27,33",top3,10,11,15,20,29,2,7
2026046,"1,15,21,26,33","1,13,18,27,33",top4,4,6,7,22,26,3,10
2026046,"1,15,21,26,33","1,13,18,27,33",top5,1,7,21,23,24,5,8
2026046,"1,15,21,26,33","1,13,18,27,33",补漏6,2,12,15,22,32,3,7
2026047,"1,13,18,27,33","9,20,21,23,28",top1,7,8,19,22,29,4,7
2026047,"1,13,18,27,33","9,20,21,23,28",top2,6,10,11,21,24,6,7
2026047,"1,13,18,27,33","9,20,21,23,28",top3,4,5,7,26,32,4,9
2026047,"1,13,18,27,33","9,20,21,23,28",top4,1,9,10,21,23,2,7
2026047,"1,13,18,27,33","9,20,21,23,28",top5,11,12,15,22,29,5,8
2026047,"1,13,18,27,33","9,20,21,23,28",补漏6,2,12,15,22,32,4,5
2026048,"9,20,21,23,28","11,17,20,23,35",top1,1,8,10,21,22,4,7
2026048,"9,20,21,23,28","11,17,20,23,35",top2,6,10,14,15,24,6,7
2026048,"9,20,21,23,28","11,17,20,23,35",top3,2,3,9,26,32,4,9
2026048,"9,20,21,23,28","11,17,20,23,35",top4,10,11,15,22,34,4,5
2026048,"9,20,21,23,28","11,17,20,23,35",top5,10,11,15,20,29,5,8
2026048,"9,20,21,23,28","11,17,20,23,35",补漏6,2,12,15,22,32,1,8
2026049,"11,17,20,23,35","1,6,14,15,17",top1,10,11,20,22,34,6,7
2026049,"11,17,20,23,35","1,6,14,15,17",top2,1,8,9,21,24,2,11
2026049,"11,17,20,23,35","1,6,14,15,17",top3,4,7,8,26,32,5,6
2026049,"11,17,20,23,35","1,6,14,15,17",top4,5,8,15,18,19,2,9
2026049,"11,17,20,23,35","1,6,14,15,17",top5,2,7,10,22,23,1,8
2026049,"11,17,20,23,35","1,6,14,15,17",补漏6,2,12,15,22,32,6,9
2026050,"1,6,14,15,17","6,10,14,23,33",top1,10,11,20,22,34,1,10
2026050,"1,6,14,15,17","6,10,14,23,33",top2,1,8,21,23,24,1,12
2026050,"1,6,14,15,17","6,10,14,23,33",top3,11,12,15,22,29,6,7
2026050,"1,6,14,15,17","6,10,14,23,33",top4,2,7,9,32,33,2,7
2026050,"1,6,14,15,17","6,10,14,23,33",top5,6,7,11,21,24,2,9
2026050,"1,6,14,15,17","6,10,14,23,33",补漏6,2,12,15,22,32,3,8
2026051,"6,10,14,23,33","13,18,28,32,33",top1,10,11,15,29,34,6,7
2026051,"6,10,14,23,33","13,18,28,32,33",top2,6,7,13,21,26,2,8
2026051,"6,10,14,23,33","13,18,28,32,33",top3,2,8,9,22,24,2,10
2026051,"6,10,14,23,33","13,18,28,32,33",top4,1,20,21,23,33,4,8
2026051,"6,10,14,23,33","13,18,28,32,33",top5,7,8,10,14,24,6,8
2026051,"6,10,14,23,33","13,18,28,32,33",补漏6,2,12,15,22,32,4,5
2026052,"13,18,28,32,33","2,3,20,28,33",top1,2,10,21,22,24,3,10
2026052,"13,18,28,32,33","2,3,20,28,33",top2,6,8,9,13,26,3,8
2026052,"13,18,28,32,33","2,3,20,28,33",top3,10,11,15,22,34,1,8
2026052,"13,18,28,32,33","2,3,20,28,33",top4,1,9,10,21,23,1,10
2026052,"13,18,28,32,33","2,3,20,28,33",top5,7,10,11,14,21,6,7
2026052,"13,18,28,32,33","2,3,20,28,33",补漏6,2,12,15,22,32,2,7
2026053,"2,3,20,28,33","2,9,14,20,31",top1,10,11,15,22,34,2,7
2026053,"2,3,20,28,33","2,9,14,20,31",top2,8,9,16,19,23,2,9
2026053,"2,3,20,28,33","2,9,14,20,31",top3,7,8,14,21,24,2,11
2026053,"2,3,20,28,33","2,9,14,20,31",top4,10,11,15,29,34,6,7
2026053,"2,3,20,28,33","2,9,14,20,31",top5,2,10,21,22,24,2,8
2026053,"2,3,20,28,33","2,9,14,20,31",补漏6,2,12,15,22,32,3,8
2026054,"2,9,14,20,31","2,6,14,22,24",top1,6,7,14,21,24,2,9
2026054,"2,9,14,20,31","2,6,14,22,24",top2,8,10,11,22,34,1,12
2026054,"2,9,14,20,31","2,6,14,22,24",top3,2,8,9,15,19,5,8
2026054,"2,9,14,20,31","2,6,14,22,24",top4,1,2,14,23,28,6,7
2026054,"2,9,14,20,31","2,6,14,22,24",top5,8,12,13,24,34,4,7
2026054,"2,9,14,20,31","2,6,14,22,24",补漏6,2,12,15,22,32,4,9
2026055,"2,6,14,22,24","9,10,20,33,35",top1,10,11,20,22,34,5,9
2026055,"2,6,14,22,24","9,10,20,33,35",top2,1,8,9,21,23,5,6
2026055,"2,6,14,22,24","9,10,20,33,35",top3,6,7,19,24,27,4,5
2026055,"2,6,14,22,24","9,10,20,33,35",top4,10,11,15,20,29,6,7
2026055,"2,6,14,22,24","9,10,20,33,35",top5,6,9,10,14,33,1,8
2026055,"2,6,14,22,24","9,10,20,33,35",补漏6,2,12,15,22,32,6,9
2026056,"9,10,20,33,35","6,7,18,21,30",top1,6,9,10,20,28,5,8
2026056,"9,10,20,33,35","6,7,18,21,30",top2,10,11,15,22,34,3,8
2026056,"9,10,20,33,35","6,7,18,21,30",top3,1,8,21,23,24,4,8
2026056,"9,10,20,33,35","6,7,18,21,30",top4,3,7,8,22,26,2,11
2026056,"9,10,20,33,35","6,7,18,21,30",top5,5,9,12,18,19,4,7
2026056,"9,10,20,33,35","6,7,18,21,30",补漏6,2,12,15,22,32,6,7
2026057,"6,7,18,21,30","23,25,26,27,34",top1,6,8,9,21,24,4,5
2026057,"6,7,18,21,30","23,25,26,27,34",top2,8,10,11,15,22,5,8
2026057,"6,7,18,21,30","23,25,26,27,34",top3,3,7,8,19,33,6,7
2026057,"6,7,18,21,30","23,25,26,27,34",top4,9,10,13,20,28,4,8
2026057,"6,7,18,21,30","23,25,26,27,34",top5,2,8,10,22,23,1,8
2026057,"6,7,18,21,30","23,25,26,27,34",补漏6,2,12,15,22,32,4,11
2026058,"23,25,26,27,34","7,12,13,18,34",top1,10,11,15,22,34,5,8
2026058,"23,25,26,27,34","7,12,13,18,34",top2,8,9,13,21,26,4,7
2026058,"23,25,26,27,34","7,12,13,18,34",top3,3,6,7,14,33,5,6
2026058,"23,25,26,27,34","7,12,13,18,34",top4,1,9,21,23,24,1,12
2026058,"23,25,26,27,34","7,12,13,18,34",top5,10,11,15,22,29,4,5
2026058,"23,25,26,27,34","7,12,13,18,34",补漏6,2,12,15,22,32,5,9
2026059,"7,12,13,18,34","6,13,17,19,26",top1,1,8,9,21,24,4,5
2026059,"7,12,13,18,34","6,13,17,19,26",top2,10,11,15,22,29,5,8
2026059,"7,12,13,18,34","6,13,17,19,26",top3,8,9,21,23,26,6,7
2026059,"7,12,13,18,34","6,13,17,19,26",top4,6,7,9,21,24,4,8
2026059,"7,12,13,18,34","6,13,17,19,26",top5,8,10,11,15,34,4,10
2026059,"7,12,13,18,34","6,13,17,19,26",补漏6,2,12,15,22,32,1,8
2026060,"6,13,17,19,26","22,28,30,31,34",top1,10,11,15,20,29,5,8
2026060,"6,13,17,19,26","22,28,30,31,34",top2,1,8,21,23,24,5,6
2026060,"6,13,17,19,26","22,28,30,31,34",top3,6,7,9,18,34,1,12
2026060,"6,13,17,19,26","22,28,30,31,34",top4,2,7,9,21,22,4,5
2026060,"6,13,17,19,26","22,28,30,31,34",top5,6,20,21,23,33,5,7
2026060,"6,13,17,19,26","22,28,30,31,34",补漏6,2,12,15,22,32,6,7
2026061,"22,28,30,31,34","10,12,26,31,35",top1,6,7,9,14,24,6,7
2026061,"22,28,30,31,34","10,12,26,31,35",top2,10,11,15,22,29,5,8
2026061,"22,28,30,31,34","10,12,26,31,35",top3,8,9,13,16,23,1,8
2026061,"22,28,30,31,34","10,12,26,31,35",top4,1,7,21,22,24,2,7
2026061,"22,28,30,31,34","10,12,26,31,35",top5,6,9,10,13,34,5,7
2026061,"22,28,30,31,34","10,12,26,31,35",补漏6,2,12,15,22,32,3,7
2026062,"10,12,26,31,35","7,15,20,24,29",top1,10,11,20,22,29,1,8
2026062,"10,12,26,31,35","7,15,20,24,29",top2,9,10,14,23,33,5,6
2026062,"10,12,26,31,35","7,15,20,24,29",top3,7,8,11,21,24,1,12
2026062,"10,12,26,31,35","7,15,20,24,29",top4,2,9,15,18,19,4,5
2026062,"10,12,26,31,35","7,15,20,24,29",top5,6,7,13,17,26,6,7
2026062,"10,12,26,31,35","7,15,20,24,29",补漏6,2,12,15,22,32,2,7
2026063,"7,15,20,24,29","3,15,20,29,31",top1,6,7,10,14,24,2,7
2026063,"7,15,20,24,29","3,15,20,29,31",top2,10,11,15,22,29,4,7
2026063,"7,15,20,24,29","3,15,20,29,31",top3,8,9,16,19,23,1,12
2026063,"7,15,20,24,29","3,15,20,29,31",top4,2,10,21,22,24,6,7
2026063,"7,15,20,24,29","3,15,20,29,31",top5,7,10,17,18,31,5,8
2026063,"7,15,20,24,29","3,15,20,29,31",补漏6,2,12,15,22,32,4,9
2026064,"3,15,20,29,31","3,13,15,17,21",top1,10,11,20,22,34,3,10
2026064,"3,15,20,29,31","3,13,15,17,21",top2,1,8,9,21,24,4,5
2026064,"3,15,20,29,31","3,13,15,17,21",top3,6,10,12,13,26,6,7
2026064,"3,15,20,29,31","3,13,15,17,21",top4,10,11,15,22,29,4,10
2026064,"3,15,20,29,31","3,13,15,17,21",top5,3,6,14,23,33,1,8
2026064,"3,15,20,29,31","3,13,15,17,21",补漏6,2,12,15,22,32,2,7
2026065,"3,13,15,17,21","4,11,12,13,25",top1,10,11,22,29,34,1,8
2026065,"3,13,15,17,21","4,11,12,13,25",top2,8,9,13,16,23,1,12
2026065,"3,13,15,17,21","4,11,12,13,25",top3,6,7,10,15,31,4,7
2026065,"3,13,15,17,21","4,11,12,13,25",top4,1,7,21,23,24,6,7
2026065,"3,13,15,17,21","4,11,12,13,25",top5,9,10,14,20,33,5,8
2026065,"3,13,15,17,21","4,11,12,13,25",补漏6,2,12,15,22,32,1,10
2026066,"4,11,12,13,25","10,13,19,21,30",top1,10,11,15,20,29,6,7
2026066,"4,11,12,13,25","10,13,19,21,30",top2,2,8,21,22,24,4,7
2026066,"4,11,12,13,25","10,13,19,21,30",top3,3,9,10,14,33,2,7
2026066,"4,11,12,13,25","10,13,19,21,30",top4,6,7,11,21,24,5,8
2026066,"4,11,12,13,25","10,13,19,21,30",top5,10,13,14,20,28,3,7
2026066,"4,11,12,13,25","10,13,19,21,30",补漏6,2,12,15,22,32,5,7
2026067,"10,13,19,21,30","6,16,18,19,28",top1,10,11,15,20,29,4,7
2026067,"10,13,19,21,30","6,16,18,19,28",top2,6,8,9,21,24,5,8
2026067,"10,13,19,21,30","6,16,18,19,28",top3,10,12,13,20,31,4,9
2026067,"10,13,19,21,30","6,16,18,19,28",top4,2,7,9,22,23,3,8
2026067,"10,13,19,21,30","6,16,18,19,28",top5,6,7,14,20,33,4,5
2026067,"10,13,19,21,30","6,16,18,19,28",补漏6,2,12,15,22,32,4,8
2026068,"6,16,18,19,28","3,11,12,21,22",top1,7,10,20,21,29,4,7
2026068,"6,16,18,19,28","3,11,12,21,22",top2,10,11,15,22,34,4,5
2026068,"6,16,18,19,28","3,11,12,21,22",top3,8,9,16,19,23,5,6
2026068,"6,16,18,19,28","3,11,12,21,22",top4,3,9,10,14,33,6,7
2026068,"6,16,18,19,28","3,11,12,21,22",top5,1,8,21,22,24,5,9
2026068,"6,16,18,19,28","3,11,12,21,22",补漏6,2,12,15,22,32,2,7
2026069,"3,11,12,21,22","12,19,21,24,29",top1,8,10,11,15,29,6,7
2026069,"3,11,12,21,22","12,19,21,24,29",top2,6,9,10,18,34,5,8
2026069,"3,11,12,21,22","12,19,21,24,29",top3,1,7,21,23,24,5,7
2026069,"3,11,12,21,22","12,19,21,24,29",top4,3,12,13,15,21,6,8
2026069,"3,11,12,21,22","12,19,21,24,29",top5,2,8,9,22,24,6,11
2026069,"3,11,12,21,22","12,19,21,24,29",补漏6,2,12,15,22,32,5,9
2026070,"12,19,21,24,29","4,5,15,21,32",top1,10,11,15,22,29,6,7
2026070,"12,19,21,24,29","4,5,15,21,32",top2,6,8,9,21,24,3,10
2026070,"12,19,21,24,29","4,5,15,21,32",top3,1,7,21,23,24,5,6
2026070,"12,19,21,24,29","4,5,15,21,32",top4,2,6,7,14,34,3,6
2026070,"12,19,21,24,29","4,5,15,21,32",top5,7,9,10,18,34,4,7
2026070,"12,19,21,24,29","4,5,15,21,32",补漏6,2,12,15,22,32,5,8
2026071,"4,5,15,21,32","5,13,22,26,32",top1,6,10,11,15,29,3,10
2026071,"4,5,15,21,32","5,13,22,26,32",top2,1,8,9,21,24,3,8
2026071,"4,5,15,21,32","5,13,22,26,32",top3,2,7,10,22,23,1,10
2026071,"4,5,15,21,32","5,13,22,26,32",top4,6,7,13,18,26,6,7
2026071,"4,5,15,21,32","5,13,22,26,32",top5,10,11,22,29,34,3,7
2026071,"4,5,15,21,32","5,13,22,26,32",补漏6,2,12,15,22,32,3,6
2026072,"5,13,22,26,32","1,13,26,29,30",top1,2,8,10,21,22,2,7
2026072,"5,13,22,26,32","1,13,26,29,30",top2,7,9,14,15,24,2,9
2026072,"5,13,22,26,32","1,13,26,29,30",top3,7,10,12,13,26,2,11
2026072,"5,13,22,26,32","1,13,26,29,30",top4,1,7,21,23,24,6,7
2026072,"5,13,22,26,32","1,13,26,29,30",top5,8,10,11,20,34,2,8
2026072,"5,13,22,26,32","1,13,26,29,30",补漏6,2,12,15,22,32,3,8